<?xml version="1.0" encoding="UTF-8"?>
<!-- track-length = 44926 filtered ascend = 841 plain-ascend = 483 cost=120135 energy=7.1kwh time=1h 10m 51s -->
<gpx 
 xmlns="http://www.topografix.com/GPX/1/1" 
 xmlns:xsi="http://www.w3.org/2001/XMLSchema-instance" 
 xsi:schemaLocation="http://www.topografix.com/GPX/1/1 http://www.topografix.com/GPX/1/1/gpx.xsd" 
 version="1.1" 
 creator="BRouter-Web 0.18.1">
 <trk>
  <name>minesrd</name>
  <trkseg>
   <trkpt lat="37.665132" lon="-121.732807"><ele>183</ele></trkpt>
   <trkpt lat="37.665132" lon="-121.732907"><ele>183</ele></trkpt>
   <trkpt lat="37.665017" lon="-121.732908"><ele>183</ele></trkpt>
   <trkpt lat="37.664524" lon="-121.732914"><ele>183</ele></trkpt>
   <trkpt lat="37.664232" lon="-121.73291"><ele>183</ele></trkpt>
   <trkpt lat="37.663409" lon="-121.7329"><ele>183.25</ele></trkpt>
   <trkpt lat="37.662056" lon="-121.732879"><ele>183.25</ele></trkpt>
   <trkpt lat="37.661622" lon="-121.732873"><ele>183.75</ele></trkpt>
   <trkpt lat="37.661322" lon="-121.732855"><ele>183.5</ele></trkpt>
   <trkpt lat="37.661054" lon="-121.73281"><ele>183.25</ele></trkpt>
   <trkpt lat="37.660826" lon="-121.732749"><ele>183.25</ele></trkpt>
   <trkpt lat="37.66055" lon="-121.73263"><ele>184.5</ele></trkpt>
   <trkpt lat="37.660313" lon="-121.73249"><ele>186</ele></trkpt>
   <trkpt lat="37.660037" lon="-121.732283"><ele>187.75</ele></trkpt>
   <trkpt lat="37.659766" lon="-121.732032"><ele>187.5</ele></trkpt>
   <trkpt lat="37.659462" lon="-121.731644"><ele>187.25</ele></trkpt>
   <trkpt lat="37.657911" lon="-121.729201"><ele>188.5</ele></trkpt>
   <trkpt lat="37.656558" lon="-121.727074"><ele>190.5</ele></trkpt>
   <trkpt lat="37.656433" lon="-121.726882"><ele>190.75</ele></trkpt>
   <trkpt lat="37.655425" lon="-121.725327"><ele>195.5</ele></trkpt>
   <trkpt lat="37.65482" lon="-121.724844"><ele>196.75</ele></trkpt>
   <trkpt lat="37.654047" lon="-121.724393"><ele>195.75</ele></trkpt>
   <trkpt lat="37.65287" lon="-121.723728"><ele>198</ele></trkpt>
   <trkpt lat="37.652287" lon="-121.723268"><ele>197.75</ele></trkpt>
   <trkpt lat="37.651034" lon="-121.722169"><ele>200.25</ele></trkpt>
   <trkpt lat="37.650562" lon="-121.721823"><ele>200.25</ele></trkpt>
   <trkpt lat="37.650527" lon="-121.721797"><ele>200.25</ele></trkpt>
   <trkpt lat="37.650228" lon="-121.721578"><ele>199.75</ele></trkpt>
   <trkpt lat="37.649831" lon="-121.721366"><ele>200.25</ele></trkpt>
   <trkpt lat="37.649596" lon="-121.721276"><ele>201</ele></trkpt>
   <trkpt lat="37.649465" lon="-121.721252"><ele>201.25</ele></trkpt>
   <trkpt lat="37.649059" lon="-121.721098"><ele>202.25</ele></trkpt>
   <trkpt lat="37.648845" lon="-121.721"><ele>202.25</ele></trkpt>
   <trkpt lat="37.648638" lon="-121.72086"><ele>202.25</ele></trkpt>
   <trkpt lat="37.648326" lon="-121.720589"><ele>202.25</ele></trkpt>
   <trkpt lat="37.647993" lon="-121.72025"><ele>203.5</ele></trkpt>
   <trkpt lat="37.647861" lon="-121.720116"><ele>204.25</ele></trkpt>
   <trkpt lat="37.647585" lon="-121.719891"><ele>205.75</ele></trkpt>
   <trkpt lat="37.647535" lon="-121.71985"><ele>206</ele></trkpt>
   <trkpt lat="37.647159" lon="-121.719656"><ele>206.5</ele></trkpt>
   <trkpt lat="37.646818" lon="-121.719523"><ele>207.5</ele></trkpt>
   <trkpt lat="37.64617" lon="-121.719213"><ele>209.25</ele></trkpt>
   <trkpt lat="37.645837" lon="-121.719081"><ele>210</ele></trkpt>
   <trkpt lat="37.645623" lon="-121.718968"><ele>210</ele></trkpt>
   <trkpt lat="37.64554" lon="-121.718924"><ele>210</ele></trkpt>
   <trkpt lat="37.645461" lon="-121.718883"><ele>210</ele></trkpt>
   <trkpt lat="37.644502" lon="-121.718211"><ele>209</ele></trkpt>
   <trkpt lat="37.643352" lon="-121.717407"><ele>208</ele></trkpt>
   <trkpt lat="37.643111" lon="-121.717238"><ele>208.25</ele></trkpt>
   <trkpt lat="37.642681" lon="-121.716897"><ele>208.75</ele></trkpt>
   <trkpt lat="37.642648" lon="-121.716859"><ele>209</ele></trkpt>
   <trkpt lat="37.642336" lon="-121.716505"><ele>209.5</ele></trkpt>
   <trkpt lat="37.642018" lon="-121.716173"><ele>210</ele></trkpt>
   <trkpt lat="37.641297" lon="-121.71556"><ele>211.5</ele></trkpt>
   <trkpt lat="37.640895" lon="-121.715218"><ele>212</ele></trkpt>
   <trkpt lat="37.64066" lon="-121.715038"><ele>211.75</ele></trkpt>
   <trkpt lat="37.640384" lon="-121.714867"><ele>211.75</ele></trkpt>
   <trkpt lat="37.639725" lon="-121.714517"><ele>213</ele></trkpt>
   <trkpt lat="37.639644" lon="-121.714474"><ele>213</ele></trkpt>
   <trkpt lat="37.639471" lon="-121.714377"><ele>213.5</ele></trkpt>
   <trkpt lat="37.638889" lon="-121.71398"><ele>214.75</ele></trkpt>
   <trkpt lat="37.638469" lon="-121.713646"><ele>215</ele></trkpt>
   <trkpt lat="37.638201" lon="-121.713424"><ele>215.25</ele></trkpt>
   <trkpt lat="37.637946" lon="-121.713203"><ele>215.75</ele></trkpt>
   <trkpt lat="37.637529" lon="-121.712842"><ele>216.25</ele></trkpt>
   <trkpt lat="37.636997" lon="-121.712382"><ele>217.25</ele></trkpt>
   <trkpt lat="37.63689" lon="-121.71229"><ele>217.75</ele></trkpt>
   <trkpt lat="37.636765" lon="-121.712215"><ele>218</ele></trkpt>
   <trkpt lat="37.636571" lon="-121.712131"><ele>218.25</ele></trkpt>
   <trkpt lat="37.636181" lon="-121.711963"><ele>218</ele></trkpt>
   <trkpt lat="37.635766" lon="-121.711748"><ele>217.75</ele></trkpt>
   <trkpt lat="37.635662" lon="-121.711673"><ele>218</ele></trkpt>
   <trkpt lat="37.634694" lon="-121.710972"><ele>220</ele></trkpt>
   <trkpt lat="37.634492" lon="-121.710816"><ele>220.5</ele></trkpt>
   <trkpt lat="37.634272" lon="-121.710621"><ele>221</ele></trkpt>
   <trkpt lat="37.634103" lon="-121.710438"><ele>221.25</ele></trkpt>
   <trkpt lat="37.63351" lon="-121.709593"><ele>221.75</ele></trkpt>
   <trkpt lat="37.633237" lon="-121.709276"><ele>221.75</ele></trkpt>
   <trkpt lat="37.632911" lon="-121.709034"><ele>222</ele></trkpt>
   <trkpt lat="37.632422" lon="-121.708744"><ele>223</ele></trkpt>
   <trkpt lat="37.632155" lon="-121.708532"><ele>224.25</ele></trkpt>
   <trkpt lat="37.632072" lon="-121.708455"><ele>224.5</ele></trkpt>
   <trkpt lat="37.631677" lon="-121.708087"><ele>226.25</ele></trkpt>
   <trkpt lat="37.631473" lon="-121.707935"><ele>227</ele></trkpt>
   <trkpt lat="37.631427" lon="-121.7079"><ele>227.25</ele></trkpt>
   <trkpt lat="37.630847" lon="-121.707538"><ele>227.75</ele></trkpt>
   <trkpt lat="37.630799" lon="-121.70749"><ele>227.75</ele></trkpt>
   <trkpt lat="37.630491" lon="-121.707186"><ele>228.25</ele></trkpt>
   <trkpt lat="37.630067" lon="-121.706611"><ele>227.5</ele></trkpt>
   <trkpt lat="37.629689" lon="-121.706194"><ele>229</ele></trkpt>
   <trkpt lat="37.6292" lon="-121.705763"><ele>230.25</ele></trkpt>
   <trkpt lat="37.628964" lon="-121.705587"><ele>230.5</ele></trkpt>
   <trkpt lat="37.62884" lon="-121.705511"><ele>230.75</ele></trkpt>
   <trkpt lat="37.628273" lon="-121.70518"><ele>230.75</ele></trkpt>
   <trkpt lat="37.628098" lon="-121.705076"><ele>230.75</ele></trkpt>
   <trkpt lat="37.627994" lon="-121.705004"><ele>231</ele></trkpt>
   <trkpt lat="37.627734" lon="-121.704821"><ele>231.5</ele></trkpt>
   <trkpt lat="37.627288" lon="-121.70449"><ele>231.75</ele></trkpt>
   <trkpt lat="37.627154" lon="-121.704401"><ele>231.75</ele></trkpt>
   <trkpt lat="37.626931" lon="-121.704286"><ele>231.5</ele></trkpt>
   <trkpt lat="37.626777" lon="-121.704259"><ele>231.25</ele></trkpt>
   <trkpt lat="37.626686" lon="-121.704257"><ele>231.25</ele></trkpt>
   <trkpt lat="37.62635" lon="-121.704268"><ele>233</ele></trkpt>
   <trkpt lat="37.626153" lon="-121.704267"><ele>234</ele></trkpt>
   <trkpt lat="37.625782" lon="-121.704215"><ele>235.5</ele></trkpt>
   <trkpt lat="37.625576" lon="-121.704154"><ele>235.5</ele></trkpt>
   <trkpt lat="37.624744" lon="-121.703822"><ele>237.5</ele></trkpt>
   <trkpt lat="37.623569" lon="-121.703346"><ele>237.5</ele></trkpt>
   <trkpt lat="37.622668" lon="-121.70298"><ele>238.5</ele></trkpt>
   <trkpt lat="37.62239" lon="-121.702893"><ele>239.5</ele></trkpt>
   <trkpt lat="37.622217" lon="-121.702844"><ele>241</ele></trkpt>
   <trkpt lat="37.622115" lon="-121.702826"><ele>241.75</ele></trkpt>
   <trkpt lat="37.622133" lon="-121.702729"><ele>240.75</ele></trkpt>
   <trkpt lat="37.622168" lon="-121.702501"><ele>238.25</ele></trkpt>
   <trkpt lat="37.622186" lon="-121.702257"><ele>237.5</ele></trkpt>
   <trkpt lat="37.622169" lon="-121.702162"><ele>237.5</ele></trkpt>
   <trkpt lat="37.622148" lon="-121.702107"><ele>237.5</ele></trkpt>
   <trkpt lat="37.622123" lon="-121.702054"><ele>237.5</ele></trkpt>
   <trkpt lat="37.62208" lon="-121.702001"><ele>237.5</ele></trkpt>
   <trkpt lat="37.622027" lon="-121.701947"><ele>237.5</ele></trkpt>
   <trkpt lat="37.620886" lon="-121.701079"><ele>241</ele></trkpt>
   <trkpt lat="37.620754" lon="-121.700953"><ele>241.75</ele></trkpt>
   <trkpt lat="37.620408" lon="-121.700586"><ele>245.5</ele></trkpt>
   <trkpt lat="37.619879" lon="-121.699996"><ele>249.25</ele></trkpt>
   <trkpt lat="37.618908" lon="-121.698873"><ele>251.25</ele></trkpt>
   <trkpt lat="37.618788" lon="-121.698719"><ele>251.25</ele></trkpt>
   <trkpt lat="37.618093" lon="-121.697733"><ele>252</ele></trkpt>
   <trkpt lat="37.617899" lon="-121.69748"><ele>252.25</ele></trkpt>
   <trkpt lat="37.617675" lon="-121.697234"><ele>251.5</ele></trkpt>
   <trkpt lat="37.617109" lon="-121.696672"><ele>251.75</ele></trkpt>
   <trkpt lat="37.616982" lon="-121.696514"><ele>251.75</ele></trkpt>
   <trkpt lat="37.616859" lon="-121.696348"><ele>251.75</ele></trkpt>
   <trkpt lat="37.616685" lon="-121.696074"><ele>250.75</ele></trkpt>
   <trkpt lat="37.616617" lon="-121.695932"><ele>250</ele></trkpt>
   <trkpt lat="37.616378" lon="-121.695431"><ele>249.5</ele></trkpt>
   <trkpt lat="37.616184" lon="-121.694963"><ele>248.5</ele></trkpt>
   <trkpt lat="37.615974" lon="-121.694377"><ele>250</ele></trkpt>
   <trkpt lat="37.615826" lon="-121.693983"><ele>250.75</ele></trkpt>
   <trkpt lat="37.615678" lon="-121.693613"><ele>252.5</ele></trkpt>
   <trkpt lat="37.615591" lon="-121.693446"><ele>253</ele></trkpt>
   <trkpt lat="37.614785" lon="-121.692126"><ele>253</ele></trkpt>
   <trkpt lat="37.612956" lon="-121.689168"><ele>254.25</ele></trkpt>
   <trkpt lat="37.612279" lon="-121.688084"><ele>257.25</ele></trkpt>
   <trkpt lat="37.612261" lon="-121.688055"><ele>257.5</ele></trkpt>
   <trkpt lat="37.612112" lon="-121.687802"><ele>258.5</ele></trkpt>
   <trkpt lat="37.612067" lon="-121.687709"><ele>258.75</ele></trkpt>
   <trkpt lat="37.612012" lon="-121.687574"><ele>259</ele></trkpt>
   <trkpt lat="37.611948" lon="-121.687346"><ele>259.25</ele></trkpt>
   <trkpt lat="37.611929" lon="-121.687246"><ele>259.25</ele></trkpt>
   <trkpt lat="37.611915" lon="-121.687171"><ele>259.25</ele></trkpt>
   <trkpt lat="37.611897" lon="-121.68698"><ele>259.25</ele></trkpt>
   <trkpt lat="37.611892" lon="-121.686846"><ele>259.25</ele></trkpt>
   <trkpt lat="37.611904" lon="-121.686693"><ele>259.25</ele></trkpt>
   <trkpt lat="37.611934" lon="-121.686478"><ele>259.75</ele></trkpt>
   <trkpt lat="37.612022" lon="-121.686065"><ele>261.5</ele></trkpt>
   <trkpt lat="37.612031" lon="-121.686027"><ele>261.5</ele></trkpt>
   <trkpt lat="37.612092" lon="-121.685743"><ele>262.75</ele></trkpt>
   <trkpt lat="37.612135" lon="-121.685534"><ele>263.75</ele></trkpt>
   <trkpt lat="37.612151" lon="-121.685412"><ele>264.25</ele></trkpt>
   <trkpt lat="37.612165" lon="-121.685188"><ele>265.25</ele></trkpt>
   <trkpt lat="37.612145" lon="-121.684892"><ele>265.75</ele></trkpt>
   <trkpt lat="37.612097" lon="-121.684653"><ele>265.75</ele></trkpt>
   <trkpt lat="37.612012" lon="-121.684333"><ele>265.75</ele></trkpt>
   <trkpt lat="37.611855" lon="-121.683826"><ele>267.5</ele></trkpt>
   <trkpt lat="37.611782" lon="-121.683624"><ele>268.5</ele></trkpt>
   <trkpt lat="37.611417" lon="-121.682779"><ele>274.25</ele></trkpt>
   <trkpt lat="37.61132" lon="-121.68246"><ele>276.75</ele></trkpt>
   <trkpt lat="37.611152" lon="-121.681677"><ele>279</ele></trkpt>
   <trkpt lat="37.611077" lon="-121.681291"><ele>282.25</ele></trkpt>
   <trkpt lat="37.611028" lon="-121.680996"><ele>284.5</ele></trkpt>
   <trkpt lat="37.610979" lon="-121.68073"><ele>286.5</ele></trkpt>
   <trkpt lat="37.610927" lon="-121.680513"><ele>288.5</ele></trkpt>
   <trkpt lat="37.610838" lon="-121.68028"><ele>289.5</ele></trkpt>
   <trkpt lat="37.610445" lon="-121.679485"><ele>297.5</ele></trkpt>
   <trkpt lat="37.610397" lon="-121.679405"><ele>298.25</ele></trkpt>
   <trkpt lat="37.610353" lon="-121.679337"><ele>298.75</ele></trkpt>
   <trkpt lat="37.610265" lon="-121.679227"><ele>299.25</ele></trkpt>
   <trkpt lat="37.610121" lon="-121.679097"><ele>300</ele></trkpt>
   <trkpt lat="37.610056" lon="-121.67905"><ele>300.25</ele></trkpt>
   <trkpt lat="37.609673" lon="-121.678811"><ele>300.5</ele></trkpt>
   <trkpt lat="37.609544" lon="-121.67871"><ele>300.25</ele></trkpt>
   <trkpt lat="37.609497" lon="-121.678657"><ele>300.25</ele></trkpt>
   <trkpt lat="37.609474" lon="-121.678617"><ele>300.75</ele></trkpt>
   <trkpt lat="37.609438" lon="-121.678516"><ele>301.75</ele></trkpt>
   <trkpt lat="37.609426" lon="-121.678451"><ele>302.75</ele></trkpt>
   <trkpt lat="37.609427" lon="-121.678331"><ele>305</ele></trkpt>
   <trkpt lat="37.60944" lon="-121.678244"><ele>306.75</ele></trkpt>
   <trkpt lat="37.609526" lon="-121.677949"><ele>313.75</ele></trkpt>
   <trkpt lat="37.609546" lon="-121.677793"><ele>316.75</ele></trkpt>
   <trkpt lat="37.609546" lon="-121.677705"><ele>318.25</ele></trkpt>
   <trkpt lat="37.60954" lon="-121.677635"><ele>319</ele></trkpt>
   <trkpt lat="37.609505" lon="-121.677432"><ele>321</ele></trkpt>
   <trkpt lat="37.609395" lon="-121.676924"><ele>325.5</ele></trkpt>
   <trkpt lat="37.609345" lon="-121.676787"><ele>326.25</ele></trkpt>
   <trkpt lat="37.609303" lon="-121.676701"><ele>326.25</ele></trkpt>
   <trkpt lat="37.609267" lon="-121.676652"><ele>325.75</ele></trkpt>
   <trkpt lat="37.609159" lon="-121.676528"><ele>323.5</ele></trkpt>
   <trkpt lat="37.608983" lon="-121.676365"><ele>320.75</ele></trkpt>
   <trkpt lat="37.608947" lon="-121.67632"><ele>320.25</ele></trkpt>
   <trkpt lat="37.608908" lon="-121.676258"><ele>319.75</ele></trkpt>
   <trkpt lat="37.608879" lon="-121.67619"><ele>319.75</ele></trkpt>
   <trkpt lat="37.60885" lon="-121.676086"><ele>319.75</ele></trkpt>
   <trkpt lat="37.608836" lon="-121.675897"><ele>321.25</ele></trkpt>
   <trkpt lat="37.608839" lon="-121.675811"><ele>322</ele></trkpt>
   <trkpt lat="37.608865" lon="-121.675648"><ele>324.25</ele></trkpt>
   <trkpt lat="37.608891" lon="-121.675561"><ele>326</ele></trkpt>
   <trkpt lat="37.609059" lon="-121.675139"><ele>335.5</ele></trkpt>
   <trkpt lat="37.609087" lon="-121.675053"><ele>337.5</ele></trkpt>
   <trkpt lat="37.609105" lon="-121.674902"><ele>339.75</ele></trkpt>
   <trkpt lat="37.609096" lon="-121.674814"><ele>340.5</ele></trkpt>
   <trkpt lat="37.609066" lon="-121.674705"><ele>341</ele></trkpt>
   <trkpt lat="37.608945" lon="-121.67445"><ele>340</ele></trkpt>
   <trkpt lat="37.608896" lon="-121.674302"><ele>340.5</ele></trkpt>
   <trkpt lat="37.608881" lon="-121.674205"><ele>341.5</ele></trkpt>
   <trkpt lat="37.608882" lon="-121.674077"><ele>343.75</ele></trkpt>
   <trkpt lat="37.608897" lon="-121.673829"><ele>349</ele></trkpt>
   <trkpt lat="37.608895" lon="-121.673746"><ele>350.5</ele></trkpt>
   <trkpt lat="37.608887" lon="-121.673672"><ele>351.75</ele></trkpt>
   <trkpt lat="37.608839" lon="-121.673528"><ele>353.75</ele></trkpt>
   <trkpt lat="37.6088" lon="-121.673465"><ele>354.25</ele></trkpt>
   <trkpt lat="37.608741" lon="-121.673392"><ele>355</ele></trkpt>
   <trkpt lat="37.608687" lon="-121.673352"><ele>355</ele></trkpt>
   <trkpt lat="37.608623" lon="-121.67332"><ele>354.75</ele></trkpt>
   <trkpt lat="37.608573" lon="-121.673308"><ele>354.25</ele></trkpt>
   <trkpt lat="37.608507" lon="-121.673297"><ele>353.75</ele></trkpt>
   <trkpt lat="37.608361" lon="-121.673317"><ele>350.75</ele></trkpt>
   <trkpt lat="37.60804" lon="-121.673395"><ele>343.75</ele></trkpt>
   <trkpt lat="37.607966" lon="-121.673403"><ele>342.5</ele></trkpt>
   <trkpt lat="37.607886" lon="-121.6734"><ele>341.5</ele></trkpt>
   <trkpt lat="37.607813" lon="-121.673377"><ele>341</ele></trkpt>
   <trkpt lat="37.607723" lon="-121.673313"><ele>341.75</ele></trkpt>
   <trkpt lat="37.60743" lon="-121.673017"><ele>345.75</ele></trkpt>
   <trkpt lat="37.607369" lon="-121.672908"><ele>347.25</ele></trkpt>
   <trkpt lat="37.607347" lon="-121.672829"><ele>348.75</ele></trkpt>
   <trkpt lat="37.607335" lon="-121.67272"><ele>351.75</ele></trkpt>
   <trkpt lat="37.607332" lon="-121.672558"><ele>356.25</ele></trkpt>
   <trkpt lat="37.607339" lon="-121.672424"><ele>360</ele></trkpt>
   <trkpt lat="37.607335" lon="-121.672187"><ele>364.75</ele></trkpt>
   <trkpt lat="37.607323" lon="-121.67205"><ele>367.25</ele></trkpt>
   <trkpt lat="37.607269" lon="-121.671811"><ele>371</ele></trkpt>
   <trkpt lat="37.60724" lon="-121.671725"><ele>372.25</ele></trkpt>
   <trkpt lat="37.607203" lon="-121.671619"><ele>374</ele></trkpt>
   <trkpt lat="37.607167" lon="-121.671539"><ele>375.5</ele></trkpt>
   <trkpt lat="37.607104" lon="-121.671429"><ele>377.25</ele></trkpt>
   <trkpt lat="37.607021" lon="-121.671335"><ele>378.25</ele></trkpt>
   <trkpt lat="37.606946" lon="-121.671277"><ele>378.5</ele></trkpt>
   <trkpt lat="37.606828" lon="-121.671246"><ele>377.25</ele></trkpt>
   <trkpt lat="37.606766" lon="-121.671244"><ele>376</ele></trkpt>
   <trkpt lat="37.60662" lon="-121.671262"><ele>373.75</ele></trkpt>
   <trkpt lat="37.606553" lon="-121.671284"><ele>373.25</ele></trkpt>
   <trkpt lat="37.606091" lon="-121.671524"><ele>367.5</ele></trkpt>
   <trkpt lat="37.605997" lon="-121.671559"><ele>366.75</ele></trkpt>
   <trkpt lat="37.605943" lon="-121.671566"><ele>366.75</ele></trkpt>
   <trkpt lat="37.605863" lon="-121.671567"><ele>367</ele></trkpt>
   <trkpt lat="37.605794" lon="-121.671548"><ele>367</ele></trkpt>
   <trkpt lat="37.605715" lon="-121.671516"><ele>366.25</ele></trkpt>
   <trkpt lat="37.605647" lon="-121.67148"><ele>366</ele></trkpt>
   <trkpt lat="37.605586" lon="-121.671435"><ele>366.25</ele></trkpt>
   <trkpt lat="37.605469" lon="-121.671317"><ele>367.25</ele></trkpt>
   <trkpt lat="37.6054" lon="-121.671221"><ele>369</ele></trkpt>
   <trkpt lat="37.605304" lon="-121.671023"><ele>373</ele></trkpt>
   <trkpt lat="37.605272" lon="-121.670917"><ele>375.75</ele></trkpt>
   <trkpt lat="37.605248" lon="-121.670808"><ele>378.25</ele></trkpt>
   <trkpt lat="37.605236" lon="-121.670698"><ele>379.25</ele></trkpt>
   <trkpt lat="37.605221" lon="-121.670267"><ele>384.5</ele></trkpt>
   <trkpt lat="37.605229" lon="-121.670102"><ele>387</ele></trkpt>
   <trkpt lat="37.605248" lon="-121.669896"><ele>389.75</ele></trkpt>
   <trkpt lat="37.605303" lon="-121.669604"><ele>394.25</ele></trkpt>
   <trkpt lat="37.605471" lon="-121.668865"><ele>405.25</ele></trkpt>
   <trkpt lat="37.605588" lon="-121.668371"><ele>410.25</ele></trkpt>
   <trkpt lat="37.605599" lon="-121.668284"><ele>411</ele></trkpt>
   <trkpt lat="37.605602" lon="-121.668202"><ele>411.75</ele></trkpt>
   <trkpt lat="37.605595" lon="-121.668122"><ele>412</ele></trkpt>
   <trkpt lat="37.60558" lon="-121.66804"><ele>411.75</ele></trkpt>
   <trkpt lat="37.605557" lon="-121.667959"><ele>411.5</ele></trkpt>
   <trkpt lat="37.605357" lon="-121.667385"><ele>407.75</ele></trkpt>
   <trkpt lat="37.605339" lon="-121.667252"><ele>407.75</ele></trkpt>
   <trkpt lat="37.605363" lon="-121.667085"><ele>409.5</ele></trkpt>
   <trkpt lat="37.605471" lon="-121.666727"><ele>415.75</ele></trkpt>
   <trkpt lat="37.605491" lon="-121.666616"><ele>417.25</ele></trkpt>
   <trkpt lat="37.605495" lon="-121.666537"><ele>418</ele></trkpt>
   <trkpt lat="37.605489" lon="-121.666461"><ele>418.5</ele></trkpt>
   <trkpt lat="37.605468" lon="-121.666369"><ele>418.5</ele></trkpt>
   <trkpt lat="37.605408" lon="-121.666192"><ele>418.25</ele></trkpt>
   <trkpt lat="37.605339" lon="-121.666034"><ele>417.5</ele></trkpt>
   <trkpt lat="37.60504" lon="-121.665406"><ele>418.75</ele></trkpt>
   <trkpt lat="37.604936" lon="-121.66515"><ele>419.75</ele></trkpt>
   <trkpt lat="37.604901" lon="-121.665028"><ele>420.75</ele></trkpt>
   <trkpt lat="37.604872" lon="-121.664866"><ele>421.25</ele></trkpt>
   <trkpt lat="37.604846" lon="-121.664468"><ele>424.25</ele></trkpt>
   <trkpt lat="37.60483" lon="-121.664334"><ele>424.75</ele></trkpt>
   <trkpt lat="37.604808" lon="-121.664223"><ele>425</ele></trkpt>
   <trkpt lat="37.604757" lon="-121.664049"><ele>425.75</ele></trkpt>
   <trkpt lat="37.604624" lon="-121.663687"><ele>428</ele></trkpt>
   <trkpt lat="37.604119" lon="-121.662383"><ele>439</ele></trkpt>
   <trkpt lat="37.604044" lon="-121.662042"><ele>442.75</ele></trkpt>
   <trkpt lat="37.603996" lon="-121.661873"><ele>444.5</ele></trkpt>
   <trkpt lat="37.60379" lon="-121.661436"><ele>445.5</ele></trkpt>
   <trkpt lat="37.603478" lon="-121.660404"><ele>449.5</ele></trkpt>
   <trkpt lat="37.603363" lon="-121.660093"><ele>451.25</ele></trkpt>
   <trkpt lat="37.60314" lon="-121.659526"><ele>450.5</ele></trkpt>
   <trkpt lat="37.603086" lon="-121.659353"><ele>450.75</ele></trkpt>
   <trkpt lat="37.603061" lon="-121.659156"><ele>452</ele></trkpt>
   <trkpt lat="37.60306" lon="-121.658973"><ele>451.5</ele></trkpt>
   <trkpt lat="37.60309" lon="-121.658708"><ele>452.5</ele></trkpt>
   <trkpt lat="37.603126" lon="-121.658561"><ele>454</ele></trkpt>
   <trkpt lat="37.603367" lon="-121.657803"><ele>466.5</ele></trkpt>
   <trkpt lat="37.603382" lon="-121.657567"><ele>467.5</ele></trkpt>
   <trkpt lat="37.603378" lon="-121.657457"><ele>467.75</ele></trkpt>
   <trkpt lat="37.603359" lon="-121.657374"><ele>467.75</ele></trkpt>
   <trkpt lat="37.603289" lon="-121.657198"><ele>466.25</ele></trkpt>
   <trkpt lat="37.603039" lon="-121.656775"><ele>459.75</ele></trkpt>
   <trkpt lat="37.60299" lon="-121.656653"><ele>458.75</ele></trkpt>
   <trkpt lat="37.602956" lon="-121.65653"><ele>457.25</ele></trkpt>
   <trkpt lat="37.602941" lon="-121.656433"><ele>456.25</ele></trkpt>
   <trkpt lat="37.60294" lon="-121.656299"><ele>456</ele></trkpt>
   <trkpt lat="37.602946" lon="-121.65617"><ele>456</ele></trkpt>
   <trkpt lat="37.602966" lon="-121.656049"><ele>456.25</ele></trkpt>
   <trkpt lat="37.603" lon="-121.655925"><ele>457</ele></trkpt>
   <trkpt lat="37.603211" lon="-121.655413"><ele>461.25</ele></trkpt>
   <trkpt lat="37.603545" lon="-121.654637"><ele>465.5</ele></trkpt>
   <trkpt lat="37.60362" lon="-121.654448"><ele>466.25</ele></trkpt>
   <trkpt lat="37.603682" lon="-121.654273"><ele>466.75</ele></trkpt>
   <trkpt lat="37.603698" lon="-121.654202"><ele>466.5</ele></trkpt>
   <trkpt lat="37.603706" lon="-121.654059"><ele>467.5</ele></trkpt>
   <trkpt lat="37.603699" lon="-121.653994"><ele>467.75</ele></trkpt>
   <trkpt lat="37.603675" lon="-121.653931"><ele>467.5</ele></trkpt>
   <trkpt lat="37.60361" lon="-121.653839"><ele>466.25</ele></trkpt>
   <trkpt lat="37.603545" lon="-121.653771"><ele>465</ele></trkpt>
   <trkpt lat="37.603279" lon="-121.653555"><ele>458.5</ele></trkpt>
   <trkpt lat="37.603184" lon="-121.65345"><ele>456.25</ele></trkpt>
   <trkpt lat="37.603145" lon="-121.653382"><ele>455.5</ele></trkpt>
   <trkpt lat="37.603125" lon="-121.653319"><ele>455.25</ele></trkpt>
   <trkpt lat="37.603114" lon="-121.653221"><ele>456.25</ele></trkpt>
   <trkpt lat="37.603112" lon="-121.65313"><ele>457.25</ele></trkpt>
   <trkpt lat="37.603148" lon="-121.652879"><ele>461</ele></trkpt>
   <trkpt lat="37.603158" lon="-121.652751"><ele>462.75</ele></trkpt>
   <trkpt lat="37.603156" lon="-121.652674"><ele>463.5</ele></trkpt>
   <trkpt lat="37.603125" lon="-121.652597"><ele>464</ele></trkpt>
   <trkpt lat="37.603095" lon="-121.652554"><ele>464</ele></trkpt>
   <trkpt lat="37.603057" lon="-121.652521"><ele>464</ele></trkpt>
   <trkpt lat="37.603001" lon="-121.652498"><ele>463.5</ele></trkpt>
   <trkpt lat="37.602799" lon="-121.652466"><ele>461.5</ele></trkpt>
   <trkpt lat="37.602725" lon="-121.652439"><ele>461</ele></trkpt>
   <trkpt lat="37.602639" lon="-121.652354"><ele>461</ele></trkpt>
   <trkpt lat="37.602599" lon="-121.652293"><ele>461.5</ele></trkpt>
   <trkpt lat="37.602526" lon="-121.652154"><ele>462.75</ele></trkpt>
   <trkpt lat="37.602264" lon="-121.651629"><ele>467</ele></trkpt>
   <trkpt lat="37.602188" lon="-121.651495"><ele>469.25</ele></trkpt>
   <trkpt lat="37.602143" lon="-121.651437"><ele>470</ele></trkpt>
   <trkpt lat="37.602073" lon="-121.651367"><ele>470.75</ele></trkpt>
   <trkpt lat="37.602017" lon="-121.65133"><ele>470.75</ele></trkpt>
   <trkpt lat="37.601944" lon="-121.651295"><ele>470.5</ele></trkpt>
   <trkpt lat="37.601845" lon="-121.651273"><ele>469.25</ele></trkpt>
   <trkpt lat="37.601638" lon="-121.651257"><ele>466.25</ele></trkpt>
   <trkpt lat="37.601501" lon="-121.651237"><ele>464.75</ele></trkpt>
   <trkpt lat="37.601421" lon="-121.651214"><ele>464</ele></trkpt>
   <trkpt lat="37.601236" lon="-121.651131"><ele>463</ele></trkpt>
   <trkpt lat="37.601138" lon="-121.651063"><ele>462.75</ele></trkpt>
   <trkpt lat="37.600759" lon="-121.650757"><ele>460.5</ele></trkpt>
   <trkpt lat="37.600554" lon="-121.650577"><ele>456.25</ele></trkpt>
   <trkpt lat="37.600453" lon="-121.650455"><ele>455</ele></trkpt>
   <trkpt lat="37.600413" lon="-121.65038"><ele>454.75</ele></trkpt>
   <trkpt lat="37.600388" lon="-121.650314"><ele>455.25</ele></trkpt>
   <trkpt lat="37.600375" lon="-121.650245"><ele>455.75</ele></trkpt>
   <trkpt lat="37.600365" lon="-121.650144"><ele>457.25</ele></trkpt>
   <trkpt lat="37.600377" lon="-121.650009"><ele>460</ele></trkpt>
   <trkpt lat="37.600418" lon="-121.649877"><ele>461.25</ele></trkpt>
   <trkpt lat="37.60048" lon="-121.64977"><ele>463.25</ele></trkpt>
   <trkpt lat="37.600532" lon="-121.649704"><ele>465</ele></trkpt>
   <trkpt lat="37.600639" lon="-121.649601"><ele>468.25</ele></trkpt>
   <trkpt lat="37.600839" lon="-121.649428"><ele>474.25</ele></trkpt>
   <trkpt lat="37.600884" lon="-121.649384"><ele>475.75</ele></trkpt>
   <trkpt lat="37.600981" lon="-121.649254"><ele>478.75</ele></trkpt>
   <trkpt lat="37.60104" lon="-121.649154"><ele>480.5</ele></trkpt>
   <trkpt lat="37.601087" lon="-121.649044"><ele>482</ele></trkpt>
   <trkpt lat="37.601149" lon="-121.648845"><ele>484.25</ele></trkpt>
   <trkpt lat="37.601169" lon="-121.64872"><ele>484.75</ele></trkpt>
   <trkpt lat="37.601176" lon="-121.648533"><ele>485.25</ele></trkpt>
   <trkpt lat="37.601167" lon="-121.648424"><ele>484.75</ele></trkpt>
   <trkpt lat="37.601147" lon="-121.648295"><ele>484.5</ele></trkpt>
   <trkpt lat="37.601054" lon="-121.647923"><ele>485</ele></trkpt>
   <trkpt lat="37.600628" lon="-121.646396"><ele>489.75</ele></trkpt>
   <trkpt lat="37.600479" lon="-121.646059"><ele>489.75</ele></trkpt>
   <trkpt lat="37.600384" lon="-121.645898"><ele>489</ele></trkpt>
   <trkpt lat="37.600267" lon="-121.645728"><ele>488.5</ele></trkpt>
   <trkpt lat="37.600081" lon="-121.645521"><ele>487.75</ele></trkpt>
   <trkpt lat="37.59998" lon="-121.645437"><ele>487</ele></trkpt>
   <trkpt lat="37.599808" lon="-121.64532"><ele>486.75</ele></trkpt>
   <trkpt lat="37.599552" lon="-121.645166"><ele>485.5</ele></trkpt>
   <trkpt lat="37.599364" lon="-121.645021"><ele>485</ele></trkpt>
   <trkpt lat="37.599327" lon="-121.644983"><ele>485</ele></trkpt>
   <trkpt lat="37.599251" lon="-121.644866"><ele>484.25</ele></trkpt>
   <trkpt lat="37.599212" lon="-121.644776"><ele>484</ele></trkpt>
   <trkpt lat="37.599184" lon="-121.64469"><ele>483.75</ele></trkpt>
   <trkpt lat="37.599168" lon="-121.644597"><ele>483.75</ele></trkpt>
   <trkpt lat="37.599161" lon="-121.644504"><ele>484.25</ele></trkpt>
   <trkpt lat="37.599212" lon="-121.64373"><ele>489.75</ele></trkpt>
   <trkpt lat="37.599204" lon="-121.643622"><ele>490</ele></trkpt>
   <trkpt lat="37.599192" lon="-121.643563"><ele>490</ele></trkpt>
   <trkpt lat="37.599177" lon="-121.643496"><ele>490.25</ele></trkpt>
   <trkpt lat="37.599143" lon="-121.643421"><ele>490.25</ele></trkpt>
   <trkpt lat="37.599096" lon="-121.643338"><ele>491</ele></trkpt>
   <trkpt lat="37.59904" lon="-121.643286"><ele>492</ele></trkpt>
   <trkpt lat="37.598991" lon="-121.643254"><ele>493</ele></trkpt>
   <trkpt lat="37.598927" lon="-121.643228"><ele>493.5</ele></trkpt>
   <trkpt lat="37.598775" lon="-121.643211"><ele>494</ele></trkpt>
   <trkpt lat="37.598466" lon="-121.643219"><ele>493.75</ele></trkpt>
   <trkpt lat="37.598406" lon="-121.643207"><ele>494</ele></trkpt>
   <trkpt lat="37.598334" lon="-121.643179"><ele>494.75</ele></trkpt>
   <trkpt lat="37.598273" lon="-121.643144"><ele>494.25</ele></trkpt>
   <trkpt lat="37.598223" lon="-121.643099"><ele>494</ele></trkpt>
   <trkpt lat="37.598166" lon="-121.643035"><ele>494</ele></trkpt>
   <trkpt lat="37.598126" lon="-121.642968"><ele>494.25</ele></trkpt>
   <trkpt lat="37.598079" lon="-121.642862"><ele>495</ele></trkpt>
   <trkpt lat="37.597981" lon="-121.642607"><ele>496.75</ele></trkpt>
   <trkpt lat="37.597632" lon="-121.641629"><ele>508</ele></trkpt>
   <trkpt lat="37.597455" lon="-121.641165"><ele>514.25</ele></trkpt>
   <trkpt lat="37.597377" lon="-121.641007"><ele>515.5</ele></trkpt>
   <trkpt lat="37.597182" lon="-121.64068"><ele>516</ele></trkpt>
   <trkpt lat="37.596806" lon="-121.640146"><ele>513.5</ele></trkpt>
   <trkpt lat="37.596725" lon="-121.640012"><ele>513.25</ele></trkpt>
   <trkpt lat="37.596681" lon="-121.639916"><ele>513</ele></trkpt>
   <trkpt lat="37.59665" lon="-121.639824"><ele>513.25</ele></trkpt>
   <trkpt lat="37.596634" lon="-121.639653"><ele>514.5</ele></trkpt>
   <trkpt lat="37.596638" lon="-121.639519"><ele>515.75</ele></trkpt>
   <trkpt lat="37.596657" lon="-121.639337"><ele>518</ele></trkpt>
   <trkpt lat="37.596699" lon="-121.638947"><ele>523.25</ele></trkpt>
   <trkpt lat="37.596702" lon="-121.638592"><ele>526.75</ele></trkpt>
   <trkpt lat="37.596694" lon="-121.638487"><ele>527.25</ele></trkpt>
   <trkpt lat="37.596675" lon="-121.638367"><ele>527.75</ele></trkpt>
   <trkpt lat="37.596426" lon="-121.637283"><ele>535.5</ele></trkpt>
   <trkpt lat="37.596206" lon="-121.636325"><ele>536</ele></trkpt>
   <trkpt lat="37.59587" lon="-121.634919"><ele>540.25</ele></trkpt>
   <trkpt lat="37.595835" lon="-121.634723"><ele>539.25</ele></trkpt>
   <trkpt lat="37.595828" lon="-121.634581"><ele>538.75</ele></trkpt>
   <trkpt lat="37.595826" lon="-121.634467"><ele>538.25</ele></trkpt>
   <trkpt lat="37.59585" lon="-121.634283"><ele>538.5</ele></trkpt>
   <trkpt lat="37.595926" lon="-121.634038"><ele>538.25</ele></trkpt>
   <trkpt lat="37.595979" lon="-121.633936"><ele>538.25</ele></trkpt>
   <trkpt lat="37.596048" lon="-121.633811"><ele>538</ele></trkpt>
   <trkpt lat="37.596208" lon="-121.633567"><ele>537.75</ele></trkpt>
   <trkpt lat="37.596374" lon="-121.633295"><ele>537.25</ele></trkpt>
   <trkpt lat="37.596426" lon="-121.633186"><ele>537</ele></trkpt>
   <trkpt lat="37.596462" lon="-121.633107"><ele>536.75</ele></trkpt>
   <trkpt lat="37.596502" lon="-121.632957"><ele>536</ele></trkpt>
   <trkpt lat="37.596515" lon="-121.632871"><ele>535.5</ele></trkpt>
   <trkpt lat="37.596529" lon="-121.63268"><ele>534</ele></trkpt>
   <trkpt lat="37.596523" lon="-121.63258"><ele>533.25</ele></trkpt>
   <trkpt lat="37.596507" lon="-121.632486"><ele>532.75</ele></trkpt>
   <trkpt lat="37.596473" lon="-121.63236"><ele>533.25</ele></trkpt>
   <trkpt lat="37.596431" lon="-121.632266"><ele>533.75</ele></trkpt>
   <trkpt lat="37.596365" lon="-121.632153"><ele>534.25</ele></trkpt>
   <trkpt lat="37.596321" lon="-121.63209"><ele>534.5</ele></trkpt>
   <trkpt lat="37.596273" lon="-121.632035"><ele>534.75</ele></trkpt>
   <trkpt lat="37.596191" lon="-121.63196"><ele>535.25</ele></trkpt>
   <trkpt lat="37.596091" lon="-121.631889"><ele>536</ele></trkpt>
   <trkpt lat="37.596003" lon="-121.631848"><ele>536.25</ele></trkpt>
   <trkpt lat="37.595902" lon="-121.631814"><ele>536.75</ele></trkpt>
   <trkpt lat="37.595578" lon="-121.631755"><ele>537.75</ele></trkpt>
   <trkpt lat="37.595473" lon="-121.631742"><ele>538</ele></trkpt>
   <trkpt lat="37.595307" lon="-121.631711"><ele>538.75</ele></trkpt>
   <trkpt lat="37.594631" lon="-121.631613"><ele>536</ele></trkpt>
   <trkpt lat="37.594521" lon="-121.631581"><ele>534.5</ele></trkpt>
   <trkpt lat="37.594453" lon="-121.631543"><ele>533.75</ele></trkpt>
   <trkpt lat="37.594383" lon="-121.631477"><ele>532.75</ele></trkpt>
   <trkpt lat="37.594281" lon="-121.631353"><ele>531</ele></trkpt>
   <trkpt lat="37.594225" lon="-121.631225"><ele>529.75</ele></trkpt>
   <trkpt lat="37.594181" lon="-121.631062"><ele>528.25</ele></trkpt>
   <trkpt lat="37.594172" lon="-121.630972"><ele>527.75</ele></trkpt>
   <trkpt lat="37.594182" lon="-121.630679"><ele>528</ele></trkpt>
   <trkpt lat="37.594192" lon="-121.630592"><ele>528.75</ele></trkpt>
   <trkpt lat="37.59419" lon="-121.630485"><ele>529.25</ele></trkpt>
   <trkpt lat="37.594174" lon="-121.630392"><ele>529.5</ele></trkpt>
   <trkpt lat="37.594154" lon="-121.630331"><ele>529.75</ele></trkpt>
   <trkpt lat="37.59411" lon="-121.630234"><ele>530.25</ele></trkpt>
   <trkpt lat="37.594059" lon="-121.630162"><ele>530.5</ele></trkpt>
   <trkpt lat="37.593993" lon="-121.630089"><ele>531</ele></trkpt>
   <trkpt lat="37.593897" lon="-121.630038"><ele>531.25</ele></trkpt>
   <trkpt lat="37.593801" lon="-121.630011"><ele>531.25</ele></trkpt>
   <trkpt lat="37.593699" lon="-121.629987"><ele>531.5</ele></trkpt>
   <trkpt lat="37.593619" lon="-121.629957"><ele>531.75</ele></trkpt>
   <trkpt lat="37.593537" lon="-121.62991"><ele>532</ele></trkpt>
   <trkpt lat="37.593467" lon="-121.629855"><ele>532.5</ele></trkpt>
   <trkpt lat="37.593418" lon="-121.629802"><ele>533</ele></trkpt>
   <trkpt lat="37.59336" lon="-121.62971"><ele>533.75</ele></trkpt>
   <trkpt lat="37.593305" lon="-121.629603"><ele>534.5</ele></trkpt>
   <trkpt lat="37.593151" lon="-121.629145"><ele>537.75</ele></trkpt>
   <trkpt lat="37.593087" lon="-121.628939"><ele>538.5</ele></trkpt>
   <trkpt lat="37.593017" lon="-121.628746"><ele>539.25</ele></trkpt>
   <trkpt lat="37.592931" lon="-121.62859"><ele>539.75</ele></trkpt>
   <trkpt lat="37.592859" lon="-121.628489"><ele>540</ele></trkpt>
   <trkpt lat="37.592701" lon="-121.628321"><ele>540.25</ele></trkpt>
   <trkpt lat="37.592207" lon="-121.627835"><ele>541.75</ele></trkpt>
   <trkpt lat="37.592085" lon="-121.627707"><ele>541.75</ele></trkpt>
   <trkpt lat="37.591956" lon="-121.627548"><ele>541.75</ele></trkpt>
   <trkpt lat="37.591874" lon="-121.627424"><ele>542.25</ele></trkpt>
   <trkpt lat="37.591813" lon="-121.627304"><ele>543.5</ele></trkpt>
   <trkpt lat="37.591343" lon="-121.626332"><ele>553.75</ele></trkpt>
   <trkpt lat="37.591277" lon="-121.626207"><ele>555.25</ele></trkpt>
   <trkpt lat="37.591186" lon="-121.626083"><ele>556.25</ele></trkpt>
   <trkpt lat="37.591108" lon="-121.626008"><ele>556.5</ele></trkpt>
   <trkpt lat="37.590981" lon="-121.625925"><ele>556.25</ele></trkpt>
   <trkpt lat="37.590816" lon="-121.625841"><ele>555.75</ele></trkpt>
   <trkpt lat="37.590751" lon="-121.625795"><ele>556</ele></trkpt>
   <trkpt lat="37.590657" lon="-121.625713"><ele>556.5</ele></trkpt>
   <trkpt lat="37.590607" lon="-121.625642"><ele>556.75</ele></trkpt>
   <trkpt lat="37.590534" lon="-121.625493"><ele>557</ele></trkpt>
   <trkpt lat="37.590497" lon="-121.625297"><ele>557.5</ele></trkpt>
   <trkpt lat="37.590491" lon="-121.625189"><ele>558</ele></trkpt>
   <trkpt lat="37.590493" lon="-121.624927"><ele>560</ele></trkpt>
   <trkpt lat="37.590471" lon="-121.624685"><ele>563.25</ele></trkpt>
   <trkpt lat="37.590439" lon="-121.624577"><ele>564</ele></trkpt>
   <trkpt lat="37.590388" lon="-121.624463"><ele>564</ele></trkpt>
   <trkpt lat="37.590272" lon="-121.62432"><ele>562.25</ele></trkpt>
   <trkpt lat="37.590142" lon="-121.624195"><ele>559.5</ele></trkpt>
   <trkpt lat="37.590024" lon="-121.624066"><ele>558.25</ele></trkpt>
   <trkpt lat="37.589981" lon="-121.624003"><ele>558.5</ele></trkpt>
   <trkpt lat="37.589938" lon="-121.623926"><ele>559.25</ele></trkpt>
   <trkpt lat="37.589827" lon="-121.623626"><ele>563.75</ele></trkpt>
   <trkpt lat="37.589763" lon="-121.623472"><ele>565.5</ele></trkpt>
   <trkpt lat="37.589669" lon="-121.623293"><ele>566.75</ele></trkpt>
   <trkpt lat="37.589536" lon="-121.623062"><ele>566.75</ele></trkpt>
   <trkpt lat="37.589206" lon="-121.622511"><ele>567.75</ele></trkpt>
   <trkpt lat="37.589138" lon="-121.622389"><ele>566.25</ele></trkpt>
   <trkpt lat="37.589106" lon="-121.622303"><ele>565.5</ele></trkpt>
   <trkpt lat="37.589077" lon="-121.622185"><ele>565</ele></trkpt>
   <trkpt lat="37.589074" lon="-121.622126"><ele>565.25</ele></trkpt>
   <trkpt lat="37.589085" lon="-121.621998"><ele>566.25</ele></trkpt>
   <trkpt lat="37.589121" lon="-121.621904"><ele>567.75</ele></trkpt>
   <trkpt lat="37.589153" lon="-121.62186"><ele>568.75</ele></trkpt>
   <trkpt lat="37.589284" lon="-121.621713"><ele>573</ele></trkpt>
   <trkpt lat="37.589353" lon="-121.621617"><ele>575.5</ele></trkpt>
   <trkpt lat="37.589381" lon="-121.621568"><ele>576.75</ele></trkpt>
   <trkpt lat="37.589408" lon="-121.621478"><ele>578</ele></trkpt>
   <trkpt lat="37.589409" lon="-121.621377"><ele>578.5</ele></trkpt>
   <trkpt lat="37.589376" lon="-121.621247"><ele>578.5</ele></trkpt>
   <trkpt lat="37.589345" lon="-121.621202"><ele>578</ele></trkpt>
   <trkpt lat="37.589254" lon="-121.621125"><ele>576.5</ele></trkpt>
   <trkpt lat="37.589148" lon="-121.62107"><ele>574.5</ele></trkpt>
   <trkpt lat="37.589078" lon="-121.621023"><ele>573</ele></trkpt>
   <trkpt lat="37.589013" lon="-121.620924"><ele>572</ele></trkpt>
   <trkpt lat="37.588984" lon="-121.62086"><ele>571.75</ele></trkpt>
   <trkpt lat="37.588962" lon="-121.620781"><ele>572.25</ele></trkpt>
   <trkpt lat="37.588904" lon="-121.620425"><ele>575.5</ele></trkpt>
   <trkpt lat="37.588862" lon="-121.62028"><ele>576.5</ele></trkpt>
   <trkpt lat="37.588793" lon="-121.620152"><ele>577</ele></trkpt>
   <trkpt lat="37.588701" lon="-121.620055"><ele>576.75</ele></trkpt>
   <trkpt lat="37.588637" lon="-121.619999"><ele>576.25</ele></trkpt>
   <trkpt lat="37.587669" lon="-121.619169"><ele>579.75</ele></trkpt>
   <trkpt lat="37.587569" lon="-121.619071"><ele>580.25</ele></trkpt>
   <trkpt lat="37.587417" lon="-121.618898"><ele>579.75</ele></trkpt>
   <trkpt lat="37.587252" lon="-121.618663"><ele>579.5</ele></trkpt>
   <trkpt lat="37.586929" lon="-121.618103"><ele>580.5</ele></trkpt>
   <trkpt lat="37.586849" lon="-121.617929"><ele>580.5</ele></trkpt>
   <trkpt lat="37.586681" lon="-121.617478"><ele>580.75</ele></trkpt>
   <trkpt lat="37.58663" lon="-121.617362"><ele>580.25</ele></trkpt>
   <trkpt lat="37.586553" lon="-121.617223"><ele>579</ele></trkpt>
   <trkpt lat="37.586421" lon="-121.617063"><ele>576.25</ele></trkpt>
   <trkpt lat="37.586313" lon="-121.61692"><ele>574</ele></trkpt>
   <trkpt lat="37.586244" lon="-121.616807"><ele>572.75</ele></trkpt>
   <trkpt lat="37.586181" lon="-121.616671"><ele>572</ele></trkpt>
   <trkpt lat="37.586164" lon="-121.616602"><ele>571.25</ele></trkpt>
   <trkpt lat="37.586144" lon="-121.616452"><ele>570.25</ele></trkpt>
   <trkpt lat="37.586146" lon="-121.616376"><ele>570.25</ele></trkpt>
   <trkpt lat="37.586163" lon="-121.616268"><ele>570.75</ele></trkpt>
   <trkpt lat="37.586214" lon="-121.616124"><ele>572</ele></trkpt>
   <trkpt lat="37.586249" lon="-121.616059"><ele>573</ele></trkpt>
   <trkpt lat="37.586322" lon="-121.615954"><ele>574.75</ele></trkpt>
   <trkpt lat="37.586385" lon="-121.615883"><ele>576.25</ele></trkpt>
   <trkpt lat="37.586482" lon="-121.615782"><ele>577.75</ele></trkpt>
   <trkpt lat="37.586618" lon="-121.615666"><ele>579</ele></trkpt>
   <trkpt lat="37.586713" lon="-121.615573"><ele>579.75</ele></trkpt>
   <trkpt lat="37.586778" lon="-121.615481"><ele>580.25</ele></trkpt>
   <trkpt lat="37.586804" lon="-121.615426"><ele>580</ele></trkpt>
   <trkpt lat="37.586828" lon="-121.615352"><ele>579.5</ele></trkpt>
   <trkpt lat="37.58687" lon="-121.6149"><ele>573.25</ele></trkpt>
   <trkpt lat="37.586889" lon="-121.614819"><ele>572.75</ele></trkpt>
   <trkpt lat="37.586913" lon="-121.614751"><ele>572.5</ele></trkpt>
   <trkpt lat="37.586946" lon="-121.614684"><ele>572.75</ele></trkpt>
   <trkpt lat="37.587115" lon="-121.614406"><ele>574.75</ele></trkpt>
   <trkpt lat="37.587153" lon="-121.614279"><ele>574</ele></trkpt>
   <trkpt lat="37.587164" lon="-121.614198"><ele>573</ele></trkpt>
   <trkpt lat="37.587153" lon="-121.613867"><ele>568.5</ele></trkpt>
   <trkpt lat="37.587173" lon="-121.613737"><ele>568</ele></trkpt>
   <trkpt lat="37.587197" lon="-121.613681"><ele>568.25</ele></trkpt>
   <trkpt lat="37.587231" lon="-121.613631"><ele>569</ele></trkpt>
   <trkpt lat="37.587278" lon="-121.61358"><ele>570.25</ele></trkpt>
   <trkpt lat="37.58742" lon="-121.613453"><ele>573.75</ele></trkpt>
   <trkpt lat="37.588222" lon="-121.612827"><ele>586.25</ele></trkpt>
   <trkpt lat="37.588276" lon="-121.612762"><ele>587</ele></trkpt>
   <trkpt lat="37.588318" lon="-121.612699"><ele>587.75</ele></trkpt>
   <trkpt lat="37.588338" lon="-121.612655"><ele>587.75</ele></trkpt>
   <trkpt lat="37.588346" lon="-121.612603"><ele>587.5</ele></trkpt>
   <trkpt lat="37.588339" lon="-121.612489"><ele>586</ele></trkpt>
   <trkpt lat="37.588301" lon="-121.612387"><ele>585.5</ele></trkpt>
   <trkpt lat="37.588091" lon="-121.612105"><ele>579.5</ele></trkpt>
   <trkpt lat="37.588029" lon="-121.611976"><ele>578</ele></trkpt>
   <trkpt lat="37.588004" lon="-121.61185"><ele>578</ele></trkpt>
   <trkpt lat="37.587993" lon="-121.611664"><ele>578.75</ele></trkpt>
   <trkpt lat="37.587972" lon="-121.610637"><ele>586.25</ele></trkpt>
   <trkpt lat="37.587983" lon="-121.610521"><ele>586</ele></trkpt>
   <trkpt lat="37.588031" lon="-121.610345"><ele>587</ele></trkpt>
   <trkpt lat="37.588071" lon="-121.610244"><ele>587.75</ele></trkpt>
   <trkpt lat="37.588473" lon="-121.60953"><ele>599.5</ele></trkpt>
   <trkpt lat="37.588542" lon="-121.6094"><ele>601.75</ele></trkpt>
   <trkpt lat="37.588575" lon="-121.609325"><ele>602.75</ele></trkpt>
   <trkpt lat="37.588609" lon="-121.609167"><ele>603.5</ele></trkpt>
   <trkpt lat="37.588615" lon="-121.609081"><ele>604.5</ele></trkpt>
   <trkpt lat="37.588612" lon="-121.608943"><ele>605.75</ele></trkpt>
   <trkpt lat="37.5886" lon="-121.608825"><ele>606.5</ele></trkpt>
   <trkpt lat="37.588572" lon="-121.6087"><ele>606.75</ele></trkpt>
   <trkpt lat="37.588538" lon="-121.608605"><ele>606.75</ele></trkpt>
   <trkpt lat="37.58851" lon="-121.608544"><ele>606.5</ele></trkpt>
   <trkpt lat="37.588094" lon="-121.607777"><ele>598.5</ele></trkpt>
   <trkpt lat="37.58807" lon="-121.607726"><ele>596.75</ele></trkpt>
   <trkpt lat="37.588022" lon="-121.60762"><ele>596.75</ele></trkpt>
   <trkpt lat="37.587986" lon="-121.607513"><ele>596</ele></trkpt>
   <trkpt lat="37.587969" lon="-121.607417"><ele>596.5</ele></trkpt>
   <trkpt lat="37.587963" lon="-121.607355"><ele>597.25</ele></trkpt>
   <trkpt lat="37.587965" lon="-121.607285"><ele>598.25</ele></trkpt>
   <trkpt lat="37.588051" lon="-121.606916"><ele>607</ele></trkpt>
   <trkpt lat="37.588059" lon="-121.606837"><ele>608.5</ele></trkpt>
   <trkpt lat="37.588058" lon="-121.606759"><ele>609.75</ele></trkpt>
   <trkpt lat="37.588041" lon="-121.606676"><ele>610</ele></trkpt>
   <trkpt lat="37.587983" lon="-121.606534"><ele>608.25</ele></trkpt>
   <trkpt lat="37.587906" lon="-121.60638"><ele>605.5</ele></trkpt>
   <trkpt lat="37.587887" lon="-121.606317"><ele>605</ele></trkpt>
   <trkpt lat="37.587874" lon="-121.606244"><ele>604.75</ele></trkpt>
   <trkpt lat="37.587873" lon="-121.606163"><ele>605</ele></trkpt>
   <trkpt lat="37.587881" lon="-121.606042"><ele>606</ele></trkpt>
   <trkpt lat="37.587952" lon="-121.605495"><ele>612.25</ele></trkpt>
   <trkpt lat="37.587964" lon="-121.605314"><ele>613.75</ele></trkpt>
   <trkpt lat="37.587943" lon="-121.604981"><ele>614.5</ele></trkpt>
   <trkpt lat="37.587907" lon="-121.604757"><ele>615</ele></trkpt>
   <trkpt lat="37.58783" lon="-121.60447"><ele>614.25</ele></trkpt>
   <trkpt lat="37.587738" lon="-121.604291"><ele>612.75</ele></trkpt>
   <trkpt lat="37.587628" lon="-121.604155"><ele>610.25</ele></trkpt>
   <trkpt lat="37.587543" lon="-121.604062"><ele>608.75</ele></trkpt>
   <trkpt lat="37.587467" lon="-121.603983"><ele>607.75</ele></trkpt>
   <trkpt lat="37.587395" lon="-121.603876"><ele>607.75</ele></trkpt>
   <trkpt lat="37.587343" lon="-121.603789"><ele>607.75</ele></trkpt>
   <trkpt lat="37.587318" lon="-121.60372"><ele>608.25</ele></trkpt>
   <trkpt lat="37.587296" lon="-121.603631"><ele>609.25</ele></trkpt>
   <trkpt lat="37.587277" lon="-121.603505"><ele>610.75</ele></trkpt>
   <trkpt lat="37.587246" lon="-121.602936"><ele>616.75</ele></trkpt>
   <trkpt lat="37.587235" lon="-121.602841"><ele>617.5</ele></trkpt>
   <trkpt lat="37.587209" lon="-121.602751"><ele>618</ele></trkpt>
   <trkpt lat="37.587179" lon="-121.602674"><ele>618.5</ele></trkpt>
   <trkpt lat="37.587143" lon="-121.602621"><ele>618.75</ele></trkpt>
   <trkpt lat="37.587061" lon="-121.602552"><ele>618.5</ele></trkpt>
   <trkpt lat="37.586994" lon="-121.602513"><ele>618.25</ele></trkpt>
   <trkpt lat="37.586833" lon="-121.60246"><ele>617</ele></trkpt>
   <trkpt lat="37.58672" lon="-121.602433"><ele>616</ele></trkpt>
   <trkpt lat="37.586626" lon="-121.602402"><ele>614.75</ele></trkpt>
   <trkpt lat="37.586517" lon="-121.602337"><ele>612.75</ele></trkpt>
   <trkpt lat="37.586468" lon="-121.602292"><ele>612</ele></trkpt>
   <trkpt lat="37.586395" lon="-121.60218"><ele>611</ele></trkpt>
   <trkpt lat="37.58636" lon="-121.60211"><ele>610.5</ele></trkpt>
   <trkpt lat="37.586119" lon="-121.601313"><ele>612.25</ele></trkpt>
   <trkpt lat="37.586002" lon="-121.600966"><ele>614.25</ele></trkpt>
   <trkpt lat="37.585902" lon="-121.600745"><ele>615.25</ele></trkpt>
   <trkpt lat="37.585851" lon="-121.600659"><ele>615.5</ele></trkpt>
   <trkpt lat="37.585791" lon="-121.600559"><ele>616</ele></trkpt>
   <trkpt lat="37.585709" lon="-121.600448"><ele>615.75</ele></trkpt>
   <trkpt lat="37.585153" lon="-121.599761"><ele>611.75</ele></trkpt>
   <trkpt lat="37.585016" lon="-121.599574"><ele>609.75</ele></trkpt>
   <trkpt lat="37.584954" lon="-121.599465"><ele>609.5</ele></trkpt>
   <trkpt lat="37.584852" lon="-121.599183"><ele>610.75</ele></trkpt>
   <trkpt lat="37.584586" lon="-121.598371"><ele>616.75</ele></trkpt>
   <trkpt lat="37.584554" lon="-121.598207"><ele>617.75</ele></trkpt>
   <trkpt lat="37.584544" lon="-121.598101"><ele>618.75</ele></trkpt>
   <trkpt lat="37.584541" lon="-121.597979"><ele>620</ele></trkpt>
   <trkpt lat="37.584554" lon="-121.597652"><ele>624.5</ele></trkpt>
   <trkpt lat="37.584548" lon="-121.597554"><ele>625.75</ele></trkpt>
   <trkpt lat="37.584512" lon="-121.597405"><ele>627.25</ele></trkpt>
   <trkpt lat="37.584451" lon="-121.597303"><ele>627.5</ele></trkpt>
   <trkpt lat="37.584409" lon="-121.597246"><ele>627.5</ele></trkpt>
   <trkpt lat="37.584289" lon="-121.597136"><ele>626.5</ele></trkpt>
   <trkpt lat="37.58386" lon="-121.596863"><ele>621.5</ele></trkpt>
   <trkpt lat="37.583743" lon="-121.596784"><ele>620.25</ele></trkpt>
   <trkpt lat="37.583677" lon="-121.596721"><ele>620.25</ele></trkpt>
   <trkpt lat="37.583632" lon="-121.596672"><ele>620.25</ele></trkpt>
   <trkpt lat="37.583588" lon="-121.596603"><ele>620.25</ele></trkpt>
   <trkpt lat="37.583547" lon="-121.596505"><ele>620.5</ele></trkpt>
   <trkpt lat="37.583491" lon="-121.596311"><ele>621.75</ele></trkpt>
   <trkpt lat="37.583368" lon="-121.595907"><ele>623</ele></trkpt>
   <trkpt lat="37.583324" lon="-121.595812"><ele>623</ele></trkpt>
   <trkpt lat="37.583275" lon="-121.595725"><ele>622.75</ele></trkpt>
   <trkpt lat="37.583189" lon="-121.595612"><ele>621.5</ele></trkpt>
   <trkpt lat="37.583074" lon="-121.595478"><ele>619.25</ele></trkpt>
   <trkpt lat="37.583003" lon="-121.595337"><ele>619</ele></trkpt>
   <trkpt lat="37.58298" lon="-121.595258"><ele>619.5</ele></trkpt>
   <trkpt lat="37.582961" lon="-121.594774"><ele>627</ele></trkpt>
   <trkpt lat="37.582936" lon="-121.594655"><ele>628</ele></trkpt>
   <trkpt lat="37.582865" lon="-121.594455"><ele>628.5</ele></trkpt>
   <trkpt lat="37.582798" lon="-121.594334"><ele>627.75</ele></trkpt>
   <trkpt lat="37.582654" lon="-121.594113"><ele>626</ele></trkpt>
   <trkpt lat="37.582587" lon="-121.59404"><ele>625</ele></trkpt>
   <trkpt lat="37.582452" lon="-121.593917"><ele>623.25</ele></trkpt>
   <trkpt lat="37.582354" lon="-121.59385"><ele>621.75</ele></trkpt>
   <trkpt lat="37.582215" lon="-121.593745"><ele>620</ele></trkpt>
   <trkpt lat="37.58214" lon="-121.593668"><ele>619.25</ele></trkpt>
   <trkpt lat="37.582032" lon="-121.593539"><ele>618.25</ele></trkpt>
   <trkpt lat="37.581855" lon="-121.593299"><ele>616.75</ele></trkpt>
   <trkpt lat="37.581698" lon="-121.593072"><ele>613.75</ele></trkpt>
   <trkpt lat="37.581666" lon="-121.593004"><ele>613.5</ele></trkpt>
   <trkpt lat="37.581629" lon="-121.592903"><ele>612.75</ele></trkpt>
   <trkpt lat="37.581597" lon="-121.59275"><ele>613</ele></trkpt>
   <trkpt lat="37.581585" lon="-121.592655"><ele>613.5</ele></trkpt>
   <trkpt lat="37.58158" lon="-121.592558"><ele>614.25</ele></trkpt>
   <trkpt lat="37.581602" lon="-121.592179"><ele>619.75</ele></trkpt>
   <trkpt lat="37.5816" lon="-121.59197"><ele>622.25</ele></trkpt>
   <trkpt lat="37.581567" lon="-121.591755"><ele>624</ele></trkpt>
   <trkpt lat="37.581541" lon="-121.591669"><ele>624.5</ele></trkpt>
   <trkpt lat="37.58148" lon="-121.591525"><ele>626.75</ele></trkpt>
   <trkpt lat="37.581415" lon="-121.591451"><ele>627</ele></trkpt>
   <trkpt lat="37.581316" lon="-121.591405"><ele>625.75</ele></trkpt>
   <trkpt lat="37.58124" lon="-121.591388"><ele>624.25</ele></trkpt>
   <trkpt lat="37.581032" lon="-121.591382"><ele>619.25</ele></trkpt>
   <trkpt lat="37.580956" lon="-121.59137"><ele>617.5</ele></trkpt>
   <trkpt lat="37.580893" lon="-121.591345"><ele>616.75</ele></trkpt>
   <trkpt lat="37.580798" lon="-121.591275"><ele>615.75</ele></trkpt>
   <trkpt lat="37.580705" lon="-121.59117"><ele>615</ele></trkpt>
   <trkpt lat="37.580649" lon="-121.591097"><ele>614.75</ele></trkpt>
   <trkpt lat="37.580605" lon="-121.59102"><ele>615</ele></trkpt>
   <trkpt lat="37.580558" lon="-121.590925"><ele>615.5</ele></trkpt>
   <trkpt lat="37.580525" lon="-121.59084"><ele>616.25</ele></trkpt>
   <trkpt lat="37.580472" lon="-121.590661"><ele>617.25</ele></trkpt>
   <trkpt lat="37.580429" lon="-121.590478"><ele>618.75</ele></trkpt>
   <trkpt lat="37.58039" lon="-121.59035"><ele>619.5</ele></trkpt>
   <trkpt lat="37.580347" lon="-121.590236"><ele>620</ele></trkpt>
   <trkpt lat="37.580283" lon="-121.590116"><ele>619.75</ele></trkpt>
   <trkpt lat="37.580208" lon="-121.589996"><ele>619.5</ele></trkpt>
   <trkpt lat="37.579984" lon="-121.589687"><ele>617.5</ele></trkpt>
   <trkpt lat="37.579826" lon="-121.589467"><ele>617.5</ele></trkpt>
   <trkpt lat="37.579778" lon="-121.589385"><ele>617.75</ele></trkpt>
   <trkpt lat="37.579729" lon="-121.589249"><ele>619.25</ele></trkpt>
   <trkpt lat="37.579714" lon="-121.589168"><ele>620.75</ele></trkpt>
   <trkpt lat="37.579698" lon="-121.588911"><ele>623</ele></trkpt>
   <trkpt lat="37.57969" lon="-121.588848"><ele>623.5</ele></trkpt>
   <trkpt lat="37.579674" lon="-121.588799"><ele>623.75</ele></trkpt>
   <trkpt lat="37.57965" lon="-121.58875"><ele>623.75</ele></trkpt>
   <trkpt lat="37.579618" lon="-121.588716"><ele>623.25</ele></trkpt>
   <trkpt lat="37.579414" lon="-121.588585"><ele>620.25</ele></trkpt>
   <trkpt lat="37.579339" lon="-121.588477"><ele>619.75</ele></trkpt>
   <trkpt lat="37.579317" lon="-121.588422"><ele>620</ele></trkpt>
   <trkpt lat="37.579289" lon="-121.588318"><ele>620.75</ele></trkpt>
   <trkpt lat="37.579279" lon="-121.588085"><ele>624.5</ele></trkpt>
   <trkpt lat="37.579267" lon="-121.588008"><ele>625.5</ele></trkpt>
   <trkpt lat="37.579238" lon="-121.587933"><ele>626.25</ele></trkpt>
   <trkpt lat="37.579154" lon="-121.58782"><ele>626.5</ele></trkpt>
   <trkpt lat="37.579074" lon="-121.58774"><ele>627.25</ele></trkpt>
   <trkpt lat="37.579019" lon="-121.587696"><ele>627.75</ele></trkpt>
   <trkpt lat="37.578979" lon="-121.587679"><ele>627.75</ele></trkpt>
   <trkpt lat="37.578892" lon="-121.587655"><ele>627.75</ele></trkpt>
   <trkpt lat="37.57866" lon="-121.58767"><ele>626</ele></trkpt>
   <trkpt lat="37.578382" lon="-121.587637"><ele>625</ele></trkpt>
   <trkpt lat="37.578243" lon="-121.587604"><ele>624.25</ele></trkpt>
   <trkpt lat="37.578114" lon="-121.587563"><ele>623.25</ele></trkpt>
   <trkpt lat="37.578015" lon="-121.587517"><ele>623</ele></trkpt>
   <trkpt lat="37.57796" lon="-121.587478"><ele>623</ele></trkpt>
   <trkpt lat="37.577784" lon="-121.58739"><ele>622.75</ele></trkpt>
   <trkpt lat="37.577476" lon="-121.58734"><ele>620.5</ele></trkpt>
   <trkpt lat="37.577385" lon="-121.587313"><ele>622.5</ele></trkpt>
   <trkpt lat="37.577171" lon="-121.587222"><ele>628</ele></trkpt>
   <trkpt lat="37.57711" lon="-121.587215"><ele>629</ele></trkpt>
   <trkpt lat="37.577077" lon="-121.587221"><ele>629.25</ele></trkpt>
   <trkpt lat="37.577038" lon="-121.587233"><ele>629.5</ele></trkpt>
   <trkpt lat="37.57699" lon="-121.587264"><ele>629</ele></trkpt>
   <trkpt lat="37.576783" lon="-121.587449"><ele>625.25</ele></trkpt>
   <trkpt lat="37.576713" lon="-121.587502"><ele>624.25</ele></trkpt>
   <trkpt lat="37.576604" lon="-121.58757"><ele>621.25</ele></trkpt>
   <trkpt lat="37.576495" lon="-121.5876"><ele>619.75</ele></trkpt>
   <trkpt lat="37.576333" lon="-121.587593"><ele>620.25</ele></trkpt>
   <trkpt lat="37.576193" lon="-121.587542"><ele>622.75</ele></trkpt>
   <trkpt lat="37.575831" lon="-121.58734"><ele>631.5</ele></trkpt>
   <trkpt lat="37.575718" lon="-121.587291"><ele>634</ele></trkpt>
   <trkpt lat="37.575584" lon="-121.587283"><ele>635</ele></trkpt>
   <trkpt lat="37.57552" lon="-121.587288"><ele>635</ele></trkpt>
   <trkpt lat="37.575383" lon="-121.587328"><ele>633.75</ele></trkpt>
   <trkpt lat="37.57531" lon="-121.587364"><ele>632.5</ele></trkpt>
   <trkpt lat="37.575184" lon="-121.587451"><ele>628.75</ele></trkpt>
   <trkpt lat="37.575114" lon="-121.587472"><ele>628</ele></trkpt>
   <trkpt lat="37.575051" lon="-121.587481"><ele>627.75</ele></trkpt>
   <trkpt lat="37.574988" lon="-121.587476"><ele>628.25</ele></trkpt>
   <trkpt lat="37.574724" lon="-121.587421"><ele>636.25</ele></trkpt>
   <trkpt lat="37.574657" lon="-121.587431"><ele>637.25</ele></trkpt>
   <trkpt lat="37.574607" lon="-121.587453"><ele>637.25</ele></trkpt>
   <trkpt lat="37.574491" lon="-121.587551"><ele>634.75</ele></trkpt>
   <trkpt lat="37.574431" lon="-121.587591"><ele>634</ele></trkpt>
   <trkpt lat="37.574365" lon="-121.587611"><ele>634.25</ele></trkpt>
   <trkpt lat="37.574297" lon="-121.587622"><ele>635</ele></trkpt>
   <trkpt lat="37.574172" lon="-121.587604"><ele>638.25</ele></trkpt>
   <trkpt lat="37.574046" lon="-121.587599"><ele>640</ele></trkpt>
   <trkpt lat="37.573958" lon="-121.587615"><ele>640</ele></trkpt>
   <trkpt lat="37.573911" lon="-121.587635"><ele>639.5</ele></trkpt>
   <trkpt lat="37.573854" lon="-121.587677"><ele>638.25</ele></trkpt>
   <trkpt lat="37.573708" lon="-121.587807"><ele>633.75</ele></trkpt>
   <trkpt lat="37.573622" lon="-121.587862"><ele>632.25</ele></trkpt>
   <trkpt lat="37.573556" lon="-121.587878"><ele>632.5</ele></trkpt>
   <trkpt lat="37.573482" lon="-121.587881"><ele>633.25</ele></trkpt>
   <trkpt lat="37.573417" lon="-121.587867"><ele>634.75</ele></trkpt>
   <trkpt lat="37.573265" lon="-121.587854"><ele>635.25</ele></trkpt>
   <trkpt lat="37.573163" lon="-121.587855"><ele>633.5</ele></trkpt>
   <trkpt lat="37.572903" lon="-121.587879"><ele>628</ele></trkpt>
   <trkpt lat="37.572845" lon="-121.587874"><ele>627.25</ele></trkpt>
   <trkpt lat="37.5728" lon="-121.587861"><ele>627</ele></trkpt>
   <trkpt lat="37.572742" lon="-121.587831"><ele>627.25</ele></trkpt>
   <trkpt lat="37.572603" lon="-121.587712"><ele>630.25</ele></trkpt>
   <trkpt lat="37.572484" lon="-121.587568"><ele>634.5</ele></trkpt>
   <trkpt lat="37.572415" lon="-121.587508"><ele>635.25</ele></trkpt>
   <trkpt lat="37.572349" lon="-121.58747"><ele>634.75</ele></trkpt>
   <trkpt lat="37.572299" lon="-121.587457"><ele>633.5</ele></trkpt>
   <trkpt lat="37.572054" lon="-121.587419"><ele>627.75</ele></trkpt>
   <trkpt lat="37.571944" lon="-121.587363"><ele>625.5</ele></trkpt>
   <trkpt lat="37.571897" lon="-121.587312"><ele>624.75</ele></trkpt>
   <trkpt lat="37.571871" lon="-121.587258"><ele>624.5</ele></trkpt>
   <trkpt lat="37.571852" lon="-121.587197"><ele>624.5</ele></trkpt>
   <trkpt lat="37.571838" lon="-121.587119"><ele>624.75</ele></trkpt>
   <trkpt lat="37.571831" lon="-121.587034"><ele>625.25</ele></trkpt>
   <trkpt lat="37.571836" lon="-121.586857"><ele>627.25</ele></trkpt>
   <trkpt lat="37.571879" lon="-121.586519"><ele>633.25</ele></trkpt>
   <trkpt lat="37.571881" lon="-121.586397"><ele>635.5</ele></trkpt>
   <trkpt lat="37.571872" lon="-121.586339"><ele>636</ele></trkpt>
   <trkpt lat="37.571826" lon="-121.586221"><ele>636.25</ele></trkpt>
   <trkpt lat="37.571785" lon="-121.586155"><ele>635.75</ele></trkpt>
   <trkpt lat="37.571735" lon="-121.586101"><ele>634.75</ele></trkpt>
   <trkpt lat="37.571653" lon="-121.586034"><ele>632.75</ele></trkpt>
   <trkpt lat="37.5715" lon="-121.585927"><ele>628.5</ele></trkpt>
   <trkpt lat="37.571429" lon="-121.58586"><ele>627</ele></trkpt>
   <trkpt lat="37.571395" lon="-121.585794"><ele>626.75</ele></trkpt>
   <trkpt lat="37.571375" lon="-121.585732"><ele>627</ele></trkpt>
   <trkpt lat="37.571362" lon="-121.585645"><ele>627.75</ele></trkpt>
   <trkpt lat="37.571356" lon="-121.585548"><ele>629.25</ele></trkpt>
   <trkpt lat="37.571335" lon="-121.585433"><ele>630.25</ele></trkpt>
   <trkpt lat="37.571311" lon="-121.585241"><ele>632.25</ele></trkpt>
   <trkpt lat="37.571314" lon="-121.585153"><ele>633.75</ele></trkpt>
   <trkpt lat="37.571358" lon="-121.584879"><ele>640.75</ele></trkpt>
   <trkpt lat="37.571346" lon="-121.58475"><ele>643</ele></trkpt>
   <trkpt lat="37.571324" lon="-121.584687"><ele>643.75</ele></trkpt>
   <trkpt lat="37.571292" lon="-121.584638"><ele>644</ele></trkpt>
   <trkpt lat="37.571238" lon="-121.58459"><ele>643.5</ele></trkpt>
   <trkpt lat="37.571187" lon="-121.584562"><ele>643</ele></trkpt>
   <trkpt lat="37.570813" lon="-121.584468"><ele>636</ele></trkpt>
   <trkpt lat="37.570749" lon="-121.584472"><ele>635</ele></trkpt>
   <trkpt lat="37.570541" lon="-121.584634"><ele>626.75</ele></trkpt>
   <trkpt lat="37.570463" lon="-121.584665"><ele>624.75</ele></trkpt>
   <trkpt lat="37.570387" lon="-121.584683"><ele>623</ele></trkpt>
   <trkpt lat="37.570217" lon="-121.584689"><ele>620.75</ele></trkpt>
   <trkpt lat="37.570087" lon="-121.584655"><ele>620.25</ele></trkpt>
   <trkpt lat="37.570009" lon="-121.584622"><ele>620.25</ele></trkpt>
   <trkpt lat="37.569706" lon="-121.584437"><ele>619.75</ele></trkpt>
   <trkpt lat="37.569508" lon="-121.58432"><ele>619.25</ele></trkpt>
   <trkpt lat="37.569452" lon="-121.584277"><ele>619.25</ele></trkpt>
   <trkpt lat="37.569408" lon="-121.584227"><ele>620</ele></trkpt>
   <trkpt lat="37.569374" lon="-121.584143"><ele>621.5</ele></trkpt>
   <trkpt lat="37.569351" lon="-121.584018"><ele>622.25</ele></trkpt>
   <trkpt lat="37.569362" lon="-121.58393"><ele>623.25</ele></trkpt>
   <trkpt lat="37.569383" lon="-121.583871"><ele>624.25</ele></trkpt>
   <trkpt lat="37.569408" lon="-121.58382"><ele>625.25</ele></trkpt>
   <trkpt lat="37.569449" lon="-121.583759"><ele>627</ele></trkpt>
   <trkpt lat="37.569492" lon="-121.583717"><ele>628.25</ele></trkpt>
   <trkpt lat="37.569556" lon="-121.583627"><ele>630.75</ele></trkpt>
   <trkpt lat="37.569706" lon="-121.583452"><ele>636.25</ele></trkpt>
   <trkpt lat="37.56974" lon="-121.583396"><ele>637.75</ele></trkpt>
   <trkpt lat="37.569759" lon="-121.583344"><ele>638.75</ele></trkpt>
   <trkpt lat="37.569785" lon="-121.583198"><ele>639.5</ele></trkpt>
   <trkpt lat="37.569779" lon="-121.583105"><ele>639.5</ele></trkpt>
   <trkpt lat="37.569655" lon="-121.582727"><ele>636.5</ele></trkpt>
   <trkpt lat="37.569584" lon="-121.582554"><ele>634.5</ele></trkpt>
   <trkpt lat="37.569469" lon="-121.582335"><ele>632.75</ele></trkpt>
   <trkpt lat="37.569418" lon="-121.582221"><ele>632.5</ele></trkpt>
   <trkpt lat="37.569384" lon="-121.582123"><ele>632.75</ele></trkpt>
   <trkpt lat="37.569356" lon="-121.582011"><ele>633.25</ele></trkpt>
   <trkpt lat="37.569287" lon="-121.581804"><ele>633.5</ele></trkpt>
   <trkpt lat="37.569229" lon="-121.581642"><ele>634.25</ele></trkpt>
   <trkpt lat="37.569182" lon="-121.581536"><ele>635.5</ele></trkpt>
   <trkpt lat="37.569125" lon="-121.581434"><ele>637.75</ele></trkpt>
   <trkpt lat="37.569086" lon="-121.581372"><ele>639.25</ele></trkpt>
   <trkpt lat="37.569054" lon="-121.581336"><ele>640</ele></trkpt>
   <trkpt lat="37.56902" lon="-121.581307"><ele>640.75</ele></trkpt>
   <trkpt lat="37.568982" lon="-121.58129"><ele>641</ele></trkpt>
   <trkpt lat="37.568883" lon="-121.58129"><ele>641</ele></trkpt>
   <trkpt lat="37.568815" lon="-121.581325"><ele>640</ele></trkpt>
   <trkpt lat="37.568723" lon="-121.581394"><ele>637.75</ele></trkpt>
   <trkpt lat="37.568646" lon="-121.581441"><ele>636.25</ele></trkpt>
   <trkpt lat="37.568523" lon="-121.581484"><ele>634.75</ele></trkpt>
   <trkpt lat="37.568481" lon="-121.58149"><ele>634.5</ele></trkpt>
   <trkpt lat="37.568358" lon="-121.581465"><ele>635</ele></trkpt>
   <trkpt lat="37.568304" lon="-121.581434"><ele>635.75</ele></trkpt>
   <trkpt lat="37.568148" lon="-121.581321"><ele>638.75</ele></trkpt>
   <trkpt lat="37.568052" lon="-121.581266"><ele>640.25</ele></trkpt>
   <trkpt lat="37.567946" lon="-121.58123"><ele>641.25</ele></trkpt>
   <trkpt lat="37.567827" lon="-121.581209"><ele>642</ele></trkpt>
   <trkpt lat="37.567589" lon="-121.581183"><ele>642.75</ele></trkpt>
   <trkpt lat="37.567294" lon="-121.581155"><ele>645.5</ele></trkpt>
   <trkpt lat="37.567202" lon="-121.581158"><ele>646</ele></trkpt>
   <trkpt lat="37.567145" lon="-121.581185"><ele>645.5</ele></trkpt>
   <trkpt lat="37.567078" lon="-121.581233"><ele>644</ele></trkpt>
   <trkpt lat="37.566924" lon="-121.581382"><ele>639.25</ele></trkpt>
   <trkpt lat="37.566852" lon="-121.581433"><ele>637.75</ele></trkpt>
   <trkpt lat="37.566687" lon="-121.581513"><ele>636</ele></trkpt>
   <trkpt lat="37.566606" lon="-121.581584"><ele>633.5</ele></trkpt>
   <trkpt lat="37.566555" lon="-121.58165"><ele>631</ele></trkpt>
   <trkpt lat="37.566457" lon="-121.581805"><ele>625</ele></trkpt>
   <trkpt lat="37.566413" lon="-121.581848"><ele>623.5</ele></trkpt>
   <trkpt lat="37.566334" lon="-121.581894"><ele>622</ele></trkpt>
   <trkpt lat="37.566244" lon="-121.581907"><ele>621.75</ele></trkpt>
   <trkpt lat="37.566181" lon="-121.581894"><ele>622.75</ele></trkpt>
   <trkpt lat="37.566075" lon="-121.581836"><ele>625.25</ele></trkpt>
   <trkpt lat="37.565905" lon="-121.581677"><ele>632.25</ele></trkpt>
   <trkpt lat="37.565795" lon="-121.581639"><ele>634.25</ele></trkpt>
   <trkpt lat="37.565652" lon="-121.581654"><ele>635.5</ele></trkpt>
   <trkpt lat="37.565561" lon="-121.581673"><ele>636</ele></trkpt>
   <trkpt lat="37.565414" lon="-121.581722"><ele>635.75</ele></trkpt>
   <trkpt lat="37.565341" lon="-121.581779"><ele>634.5</ele></trkpt>
   <trkpt lat="37.565275" lon="-121.581858"><ele>632.25</ele></trkpt>
   <trkpt lat="37.565125" lon="-121.582052"><ele>626.5</ele></trkpt>
   <trkpt lat="37.565076" lon="-121.582095"><ele>625.5</ele></trkpt>
   <trkpt lat="37.565027" lon="-121.582121"><ele>625</ele></trkpt>
   <trkpt lat="37.564932" lon="-121.582129"><ele>626</ele></trkpt>
   <trkpt lat="37.564844" lon="-121.582106"><ele>628.25</ele></trkpt>
   <trkpt lat="37.564651" lon="-121.582023"><ele>634.75</ele></trkpt>
   <trkpt lat="37.564525" lon="-121.581986"><ele>638.25</ele></trkpt>
   <trkpt lat="37.564398" lon="-121.581979"><ele>640.75</ele></trkpt>
   <trkpt lat="37.564321" lon="-121.581986"><ele>641.75</ele></trkpt>
   <trkpt lat="37.564191" lon="-121.581984"><ele>643.75</ele></trkpt>
   <trkpt lat="37.563991" lon="-121.581944"><ele>645.75</ele></trkpt>
   <trkpt lat="37.563873" lon="-121.581953"><ele>644.75</ele></trkpt>
   <trkpt lat="37.563737" lon="-121.581985"><ele>643</ele></trkpt>
   <trkpt lat="37.563427" lon="-121.582129"><ele>636.75</ele></trkpt>
   <trkpt lat="37.563266" lon="-121.582185"><ele>634.25</ele></trkpt>
   <trkpt lat="37.563142" lon="-121.582221"><ele>632.25</ele></trkpt>
   <trkpt lat="37.563071" lon="-121.582225"><ele>631.75</ele></trkpt>
   <trkpt lat="37.563016" lon="-121.582221"><ele>631.5</ele></trkpt>
   <trkpt lat="37.562948" lon="-121.582178"><ele>632.25</ele></trkpt>
   <trkpt lat="37.562903" lon="-121.582137"><ele>633</ele></trkpt>
   <trkpt lat="37.562841" lon="-121.582066"><ele>634.25</ele></trkpt>
   <trkpt lat="37.562632" lon="-121.58183"><ele>636.5</ele></trkpt>
   <trkpt lat="37.562544" lon="-121.581745"><ele>636.5</ele></trkpt>
   <trkpt lat="37.562354" lon="-121.58162"><ele>636.5</ele></trkpt>
   <trkpt lat="37.562083" lon="-121.581485"><ele>638.25</ele></trkpt>
   <trkpt lat="37.56193" lon="-121.581431"><ele>638.5</ele></trkpt>
   <trkpt lat="37.561795" lon="-121.581398"><ele>638.25</ele></trkpt>
   <trkpt lat="37.561575" lon="-121.581413"><ele>635.75</ele></trkpt>
   <trkpt lat="37.561464" lon="-121.581435"><ele>634.5</ele></trkpt>
   <trkpt lat="37.561214" lon="-121.581414"><ele>634.25</ele></trkpt>
   <trkpt lat="37.561102" lon="-121.58139"><ele>635</ele></trkpt>
   <trkpt lat="37.561002" lon="-121.581356"><ele>635.75</ele></trkpt>
   <trkpt lat="37.560904" lon="-121.581341"><ele>636</ele></trkpt>
   <trkpt lat="37.560823" lon="-121.581344"><ele>635.5</ele></trkpt>
   <trkpt lat="37.560733" lon="-121.581372"><ele>634</ele></trkpt>
   <trkpt lat="37.560654" lon="-121.581425"><ele>631.75</ele></trkpt>
   <trkpt lat="37.56048" lon="-121.581512"><ele>628.5</ele></trkpt>
   <trkpt lat="37.560333" lon="-121.581513"><ele>628</ele></trkpt>
   <trkpt lat="37.560232" lon="-121.581489"><ele>628.5</ele></trkpt>
   <trkpt lat="37.560037" lon="-121.581423"><ele>629.25</ele></trkpt>
   <trkpt lat="37.559969" lon="-121.581399"><ele>629.75</ele></trkpt>
   <trkpt lat="37.559906" lon="-121.581367"><ele>630.25</ele></trkpt>
   <trkpt lat="37.55985" lon="-121.581333"><ele>630.75</ele></trkpt>
   <trkpt lat="37.559813" lon="-121.5813"><ele>631</ele></trkpt>
   <trkpt lat="37.559625" lon="-121.581091"><ele>632.25</ele></trkpt>
   <trkpt lat="37.559483" lon="-121.580888"><ele>631.75</ele></trkpt>
   <trkpt lat="37.559343" lon="-121.580615"><ele>635.25</ele></trkpt>
   <trkpt lat="37.559291" lon="-121.580526"><ele>637</ele></trkpt>
   <trkpt lat="37.559229" lon="-121.580459"><ele>637.75</ele></trkpt>
   <trkpt lat="37.559165" lon="-121.580423"><ele>637.75</ele></trkpt>
   <trkpt lat="37.559062" lon="-121.580392"><ele>637.5</ele></trkpt>
   <trkpt lat="37.558743" lon="-121.580385"><ele>635</ele></trkpt>
   <trkpt lat="37.558616" lon="-121.580357"><ele>634.5</ele></trkpt>
   <trkpt lat="37.558468" lon="-121.580308"><ele>634.5</ele></trkpt>
   <trkpt lat="37.558366" lon="-121.580305"><ele>633.75</ele></trkpt>
   <trkpt lat="37.558239" lon="-121.580336"><ele>632.25</ele></trkpt>
   <trkpt lat="37.55813" lon="-121.580344"><ele>631.75</ele></trkpt>
   <trkpt lat="37.558019" lon="-121.580337"><ele>631.75</ele></trkpt>
   <trkpt lat="37.557928" lon="-121.580309"><ele>631.75</ele></trkpt>
   <trkpt lat="37.557853" lon="-121.580274"><ele>631.75</ele></trkpt>
   <trkpt lat="37.557751" lon="-121.580216"><ele>631.5</ele></trkpt>
   <trkpt lat="37.557633" lon="-121.58013"><ele>630.25</ele></trkpt>
   <trkpt lat="37.557551" lon="-121.580046"><ele>629</ele></trkpt>
   <trkpt lat="37.557474" lon="-121.579943"><ele>629.25</ele></trkpt>
   <trkpt lat="37.557356" lon="-121.579692"><ele>634.75</ele></trkpt>
   <trkpt lat="37.557297" lon="-121.579535"><ele>637.25</ele></trkpt>
   <trkpt lat="37.557233" lon="-121.57933"><ele>639.75</ele></trkpt>
   <trkpt lat="37.557206" lon="-121.579185"><ele>641.25</ele></trkpt>
   <trkpt lat="37.557195" lon="-121.579023"><ele>641.75</ele></trkpt>
   <trkpt lat="37.557193" lon="-121.578611"><ele>642.5</ele></trkpt>
   <trkpt lat="37.557173" lon="-121.578475"><ele>642.5</ele></trkpt>
   <trkpt lat="37.557134" lon="-121.57832"><ele>641.75</ele></trkpt>
   <trkpt lat="37.557085" lon="-121.578204"><ele>641</ele></trkpt>
   <trkpt lat="37.556983" lon="-121.578035"><ele>639</ele></trkpt>
   <trkpt lat="37.556732" lon="-121.577736"><ele>632.5</ele></trkpt>
   <trkpt lat="37.556596" lon="-121.577585"><ele>632</ele></trkpt>
   <trkpt lat="37.556483" lon="-121.57744"><ele>634</ele></trkpt>
   <trkpt lat="37.556422" lon="-121.577336"><ele>635.25</ele></trkpt>
   <trkpt lat="37.556371" lon="-121.577207"><ele>636</ele></trkpt>
   <trkpt lat="37.556283" lon="-121.576721"><ele>636</ele></trkpt>
   <trkpt lat="37.556253" lon="-121.576627"><ele>635.75</ele></trkpt>
   <trkpt lat="37.556184" lon="-121.576479"><ele>635.5</ele></trkpt>
   <trkpt lat="37.556047" lon="-121.576247"><ele>634.25</ele></trkpt>
   <trkpt lat="37.555955" lon="-121.576106"><ele>633</ele></trkpt>
   <trkpt lat="37.555872" lon="-121.576027"><ele>631.5</ele></trkpt>
   <trkpt lat="37.55581" lon="-121.575997"><ele>631</ele></trkpt>
   <trkpt lat="37.55553" lon="-121.575917"><ele>634</ele></trkpt>
   <trkpt lat="37.55516" lon="-121.575877"><ele>637.5</ele></trkpt>
   <trkpt lat="37.555122" lon="-121.575863"><ele>637.5</ele></trkpt>
   <trkpt lat="37.555029" lon="-121.575808"><ele>637.75</ele></trkpt>
   <trkpt lat="37.554984" lon="-121.575765"><ele>638</ele></trkpt>
   <trkpt lat="37.55494" lon="-121.575703"><ele>638.75</ele></trkpt>
   <trkpt lat="37.554899" lon="-121.57563"><ele>639</ele></trkpt>
   <trkpt lat="37.554831" lon="-121.575467"><ele>639.25</ele></trkpt>
   <trkpt lat="37.554737" lon="-121.575085"><ele>637.5</ele></trkpt>
   <trkpt lat="37.554695" lon="-121.574946"><ele>637</ele></trkpt>
   <trkpt lat="37.55449" lon="-121.574456"><ele>636</ele></trkpt>
   <trkpt lat="37.55439" lon="-121.574135"><ele>634.5</ele></trkpt>
   <trkpt lat="37.554281" lon="-121.573854"><ele>633</ele></trkpt>
   <trkpt lat="37.554237" lon="-121.573763"><ele>632.5</ele></trkpt>
   <trkpt lat="37.55409" lon="-121.573535"><ele>632.5</ele></trkpt>
   <trkpt lat="37.553993" lon="-121.573412"><ele>633.25</ele></trkpt>
   <trkpt lat="37.553878" lon="-121.573298"><ele>634</ele></trkpt>
   <trkpt lat="37.553789" lon="-121.57322"><ele>635</ele></trkpt>
   <trkpt lat="37.553677" lon="-121.573141"><ele>636</ele></trkpt>
   <trkpt lat="37.553596" lon="-121.573093"><ele>636.5</ele></trkpt>
   <trkpt lat="37.553429" lon="-121.573016"><ele>637.5</ele></trkpt>
   <trkpt lat="37.553289" lon="-121.572968"><ele>638.5</ele></trkpt>
   <trkpt lat="37.553061" lon="-121.572921"><ele>638.5</ele></trkpt>
   <trkpt lat="37.553006" lon="-121.57291"><ele>638.75</ele></trkpt>
   <trkpt lat="37.552691" lon="-121.572852"><ele>639.75</ele></trkpt>
   <trkpt lat="37.552297" lon="-121.572725"><ele>637</ele></trkpt>
   <trkpt lat="37.552043" lon="-121.572632"><ele>634.25</ele></trkpt>
   <trkpt lat="37.55195" lon="-121.572588"><ele>633.25</ele></trkpt>
   <trkpt lat="37.551861" lon="-121.57254"><ele>632</ele></trkpt>
   <trkpt lat="37.551633" lon="-121.57239"><ele>632.5</ele></trkpt>
   <trkpt lat="37.551467" lon="-121.572262"><ele>636.5</ele></trkpt>
   <trkpt lat="37.551398" lon="-121.572194"><ele>637.75</ele></trkpt>
   <trkpt lat="37.551303" lon="-121.57208"><ele>639.25</ele></trkpt>
   <trkpt lat="37.551213" lon="-121.571958"><ele>639.75</ele></trkpt>
   <trkpt lat="37.551075" lon="-121.571808"><ele>639.75</ele></trkpt>
   <trkpt lat="37.550583" lon="-121.571398"><ele>643.75</ele></trkpt>
   <trkpt lat="37.550435" lon="-121.571309"><ele>645</ele></trkpt>
   <trkpt lat="37.550346" lon="-121.57127"><ele>645.5</ele></trkpt>
   <trkpt lat="37.550263" lon="-121.571251"><ele>645.75</ele></trkpt>
   <trkpt lat="37.550186" lon="-121.57125"><ele>646</ele></trkpt>
   <trkpt lat="37.550062" lon="-121.571273"><ele>646.25</ele></trkpt>
   <trkpt lat="37.549995" lon="-121.571298"><ele>646.75</ele></trkpt>
   <trkpt lat="37.549632" lon="-121.571512"><ele>646.25</ele></trkpt>
   <trkpt lat="37.549475" lon="-121.571621"><ele>645.25</ele></trkpt>
   <trkpt lat="37.549387" lon="-121.571669"><ele>644.5</ele></trkpt>
   <trkpt lat="37.549329" lon="-121.571683"><ele>644.5</ele></trkpt>
   <trkpt lat="37.549254" lon="-121.571686"><ele>644.25</ele></trkpt>
   <trkpt lat="37.549097" lon="-121.57166"><ele>644</ele></trkpt>
   <trkpt lat="37.5488" lon="-121.571561"><ele>648.25</ele></trkpt>
   <trkpt lat="37.548687" lon="-121.571533"><ele>649.5</ele></trkpt>
   <trkpt lat="37.548522" lon="-121.571512"><ele>651</ele></trkpt>
   <trkpt lat="37.548406" lon="-121.57148"><ele>652</ele></trkpt>
   <trkpt lat="37.54834" lon="-121.57144"><ele>652</ele></trkpt>
   <trkpt lat="37.548303" lon="-121.571398"><ele>652.75</ele></trkpt>
   <trkpt lat="37.548264" lon="-121.571323"><ele>653</ele></trkpt>
   <trkpt lat="37.548239" lon="-121.571259"><ele>653</ele></trkpt>
   <trkpt lat="37.548181" lon="-121.570819"><ele>650</ele></trkpt>
   <trkpt lat="37.548124" lon="-121.570623"><ele>651.25</ele></trkpt>
   <trkpt lat="37.547906" lon="-121.570127"><ele>652.25</ele></trkpt>
   <trkpt lat="37.547701" lon="-121.569623"><ele>652</ele></trkpt>
   <trkpt lat="37.547655" lon="-121.56957"><ele>651.75</ele></trkpt>
   <trkpt lat="37.547591" lon="-121.569521"><ele>651</ele></trkpt>
   <trkpt lat="37.547546" lon="-121.569509"><ele>650.75</ele></trkpt>
   <trkpt lat="37.547475" lon="-121.569501"><ele>650.5</ele></trkpt>
   <trkpt lat="37.547373" lon="-121.569545"><ele>652.5</ele></trkpt>
   <trkpt lat="37.547301" lon="-121.569607"><ele>654</ele></trkpt>
   <trkpt lat="37.547219" lon="-121.569658"><ele>655.75</ele></trkpt>
   <trkpt lat="37.547138" lon="-121.569699"><ele>657.5</ele></trkpt>
   <trkpt lat="37.547028" lon="-121.569726"><ele>659.5</ele></trkpt>
   <trkpt lat="37.546941" lon="-121.569714"><ele>660.75</ele></trkpt>
   <trkpt lat="37.546624" lon="-121.569592"><ele>663</ele></trkpt>
   <trkpt lat="37.546447" lon="-121.5695"><ele>661.5</ele></trkpt>
   <trkpt lat="37.545799" lon="-121.56927"><ele>657.75</ele></trkpt>
   <trkpt lat="37.545728" lon="-121.569234"><ele>659</ele></trkpt>
   <trkpt lat="37.545619" lon="-121.569148"><ele>660.5</ele></trkpt>
   <trkpt lat="37.545579" lon="-121.569095"><ele>661.75</ele></trkpt>
   <trkpt lat="37.545515" lon="-121.568986"><ele>663.25</ele></trkpt>
   <trkpt lat="37.54531" lon="-121.568502"><ele>663.5</ele></trkpt>
   <trkpt lat="37.545054" lon="-121.568116"><ele>660.75</ele></trkpt>
   <trkpt lat="37.544958" lon="-121.567989"><ele>660.75</ele></trkpt>
   <trkpt lat="37.544859" lon="-121.567893"><ele>661.25</ele></trkpt>
   <trkpt lat="37.544757" lon="-121.567811"><ele>661.5</ele></trkpt>
   <trkpt lat="37.544606" lon="-121.567745"><ele>661.25</ele></trkpt>
   <trkpt lat="37.544467" lon="-121.567706"><ele>661</ele></trkpt>
   <trkpt lat="37.544255" lon="-121.56768"><ele>660.75</ele></trkpt>
   <trkpt lat="37.54394" lon="-121.567583"><ele>659.25</ele></trkpt>
   <trkpt lat="37.543451" lon="-121.567446"><ele>658.25</ele></trkpt>
   <trkpt lat="37.542952" lon="-121.56725"><ele>658.75</ele></trkpt>
   <trkpt lat="37.542623" lon="-121.567112"><ele>657.75</ele></trkpt>
   <trkpt lat="37.541852" lon="-121.566801"><ele>661.25</ele></trkpt>
   <trkpt lat="37.541751" lon="-121.566754"><ele>661</ele></trkpt>
   <trkpt lat="37.541664" lon="-121.566695"><ele>660.5</ele></trkpt>
   <trkpt lat="37.541447" lon="-121.566533"><ele>660.75</ele></trkpt>
   <trkpt lat="37.541387" lon="-121.566495"><ele>660.75</ele></trkpt>
   <trkpt lat="37.541316" lon="-121.566457"><ele>660.75</ele></trkpt>
   <trkpt lat="37.541208" lon="-121.566422"><ele>660.75</ele></trkpt>
   <trkpt lat="37.541059" lon="-121.5664"><ele>660.75</ele></trkpt>
   <trkpt lat="37.540566" lon="-121.56637"><ele>664.5</ele></trkpt>
   <trkpt lat="37.540412" lon="-121.566357"><ele>666.5</ele></trkpt>
   <trkpt lat="37.540304" lon="-121.566339"><ele>667.75</ele></trkpt>
   <trkpt lat="37.540117" lon="-121.566274"><ele>669</ele></trkpt>
   <trkpt lat="37.540028" lon="-121.566229"><ele>669</ele></trkpt>
   <trkpt lat="37.539906" lon="-121.566159"><ele>667.5</ele></trkpt>
   <trkpt lat="37.539748" lon="-121.566046"><ele>664.5</ele></trkpt>
   <trkpt lat="37.539555" lon="-121.565944"><ele>661.75</ele></trkpt>
   <trkpt lat="37.539254" lon="-121.565853"><ele>659.5</ele></trkpt>
   <trkpt lat="37.538905" lon="-121.565758"><ele>660.25</ele></trkpt>
   <trkpt lat="37.538733" lon="-121.565704"><ele>661</ele></trkpt>
   <trkpt lat="37.538584" lon="-121.565645"><ele>661.25</ele></trkpt>
   <trkpt lat="37.53846" lon="-121.565579"><ele>661</ele></trkpt>
   <trkpt lat="37.538218" lon="-121.565417"><ele>660.5</ele></trkpt>
   <trkpt lat="37.538" lon="-121.56525"><ele>659.75</ele></trkpt>
   <trkpt lat="37.537746" lon="-121.565058"><ele>658.75</ele></trkpt>
   <trkpt lat="37.537479" lon="-121.564858"><ele>660</ele></trkpt>
   <trkpt lat="37.537257" lon="-121.564698"><ele>661.5</ele></trkpt>
   <trkpt lat="37.536998" lon="-121.564523"><ele>661.25</ele></trkpt>
   <trkpt lat="37.536941" lon="-121.564472"><ele>661</ele></trkpt>
   <trkpt lat="37.536839" lon="-121.564352"><ele>659.75</ele></trkpt>
   <trkpt lat="37.536547" lon="-121.563903"><ele>661.5</ele></trkpt>
   <trkpt lat="37.536441" lon="-121.563774"><ele>663.5</ele></trkpt>
   <trkpt lat="37.536342" lon="-121.563667"><ele>664.75</ele></trkpt>
   <trkpt lat="37.536014" lon="-121.563408"><ele>665.75</ele></trkpt>
   <trkpt lat="37.535846" lon="-121.563313"><ele>665.25</ele></trkpt>
   <trkpt lat="37.535636" lon="-121.563212"><ele>668.75</ele></trkpt>
   <trkpt lat="37.535474" lon="-121.563098"><ele>670.75</ele></trkpt>
   <trkpt lat="37.535399" lon="-121.563021"><ele>671.25</ele></trkpt>
   <trkpt lat="37.535339" lon="-121.562947"><ele>671.25</ele></trkpt>
   <trkpt lat="37.535243" lon="-121.562814"><ele>670.75</ele></trkpt>
   <trkpt lat="37.535183" lon="-121.562711"><ele>669.75</ele></trkpt>
   <trkpt lat="37.53495" lon="-121.562382"><ele>667.5</ele></trkpt>
   <trkpt lat="37.534755" lon="-121.562176"><ele>671</ele></trkpt>
   <trkpt lat="37.534033" lon="-121.56153"><ele>672.25</ele></trkpt>
   <trkpt lat="37.533861" lon="-121.561414"><ele>674.75</ele></trkpt>
   <trkpt lat="37.533396" lon="-121.561144"><ele>676.5</ele></trkpt>
   <trkpt lat="37.533313" lon="-121.561079"><ele>676.25</ele></trkpt>
   <trkpt lat="37.533144" lon="-121.56089"><ele>676.75</ele></trkpt>
   <trkpt lat="37.532923" lon="-121.560585"><ele>678.75</ele></trkpt>
   <trkpt lat="37.532821" lon="-121.560457"><ele>678.75</ele></trkpt>
   <trkpt lat="37.532744" lon="-121.560378"><ele>678</ele></trkpt>
   <trkpt lat="37.532664" lon="-121.560311"><ele>677</ele></trkpt>
   <trkpt lat="37.532407" lon="-121.560132"><ele>673.25</ele></trkpt>
   <trkpt lat="37.532192" lon="-121.559963"><ele>672</ele></trkpt>
   <trkpt lat="37.532027" lon="-121.559854"><ele>674.25</ele></trkpt>
   <trkpt lat="37.531943" lon="-121.559819"><ele>675</ele></trkpt>
   <trkpt lat="37.531651" lon="-121.559711"><ele>676.5</ele></trkpt>
   <trkpt lat="37.531512" lon="-121.559668"><ele>677.25</ele></trkpt>
   <trkpt lat="37.531366" lon="-121.559633"><ele>677.75</ele></trkpt>
   <trkpt lat="37.531239" lon="-121.559595"><ele>678</ele></trkpt>
   <trkpt lat="37.531095" lon="-121.559528"><ele>678</ele></trkpt>
   <trkpt lat="37.530906" lon="-121.559406"><ele>677.5</ele></trkpt>
   <trkpt lat="37.530819" lon="-121.55936"><ele>677</ele></trkpt>
   <trkpt lat="37.530482" lon="-121.559217"><ele>681.25</ele></trkpt>
   <trkpt lat="37.530388" lon="-121.55913"><ele>682</ele></trkpt>
   <trkpt lat="37.530348" lon="-121.559042"><ele>683</ele></trkpt>
   <trkpt lat="37.530337" lon="-121.558999"><ele>683.25</ele></trkpt>
   <trkpt lat="37.530336" lon="-121.558934"><ele>683.5</ele></trkpt>
   <trkpt lat="37.530353" lon="-121.558741"><ele>684.25</ele></trkpt>
   <trkpt lat="37.530352" lon="-121.558677"><ele>684.75</ele></trkpt>
   <trkpt lat="37.530344" lon="-121.558603"><ele>685</ele></trkpt>
   <trkpt lat="37.530324" lon="-121.558506"><ele>685.25</ele></trkpt>
   <trkpt lat="37.530285" lon="-121.558401"><ele>685.25</ele></trkpt>
   <trkpt lat="37.530211" lon="-121.558268"><ele>685</ele></trkpt>
   <trkpt lat="37.530149" lon="-121.558182"><ele>685</ele></trkpt>
   <trkpt lat="37.530065" lon="-121.558093"><ele>684.5</ele></trkpt>
   <trkpt lat="37.529935" lon="-121.558004"><ele>684.5</ele></trkpt>
   <trkpt lat="37.529733" lon="-121.557922"><ele>685.5</ele></trkpt>
   <trkpt lat="37.529584" lon="-121.557879"><ele>685.75</ele></trkpt>
   <trkpt lat="37.529457" lon="-121.557825"><ele>685.5</ele></trkpt>
   <trkpt lat="37.529244" lon="-121.557707"><ele>684.25</ele></trkpt>
   <trkpt lat="37.528962" lon="-121.557535"><ele>684.5</ele></trkpt>
   <trkpt lat="37.528856" lon="-121.557462"><ele>685.75</ele></trkpt>
   <trkpt lat="37.528763" lon="-121.557376"><ele>687.25</ele></trkpt>
   <trkpt lat="37.528668" lon="-121.557275"><ele>688.25</ele></trkpt>
   <trkpt lat="37.528419" lon="-121.556959"><ele>687.75</ele></trkpt>
   <trkpt lat="37.528039" lon="-121.556531"><ele>689.75</ele></trkpt>
   <trkpt lat="37.527963" lon="-121.556428"><ele>691</ele></trkpt>
   <trkpt lat="37.527853" lon="-121.556241"><ele>692</ele></trkpt>
   <trkpt lat="37.527735" lon="-121.556056"><ele>692</ele></trkpt>
   <trkpt lat="37.527654" lon="-121.555945"><ele>691.25</ele></trkpt>
   <trkpt lat="37.527548" lon="-121.555839"><ele>689.5</ele></trkpt>
   <trkpt lat="37.527422" lon="-121.555729"><ele>691.25</ele></trkpt>
   <trkpt lat="37.527223" lon="-121.555571"><ele>695</ele></trkpt>
   <trkpt lat="37.527141" lon="-121.555469"><ele>696.5</ele></trkpt>
   <trkpt lat="37.527082" lon="-121.555356"><ele>697.5</ele></trkpt>
   <trkpt lat="37.527011" lon="-121.555116"><ele>698.75</ele></trkpt>
   <trkpt lat="37.526991" lon="-121.554989"><ele>699.25</ele></trkpt>
   <trkpt lat="37.526976" lon="-121.554797"><ele>699.75</ele></trkpt>
   <trkpt lat="37.526965" lon="-121.554434"><ele>700.5</ele></trkpt>
   <trkpt lat="37.526941" lon="-121.554286"><ele>700.5</ele></trkpt>
   <trkpt lat="37.526909" lon="-121.554176"><ele>700</ele></trkpt>
   <trkpt lat="37.526872" lon="-121.554078"><ele>699.75</ele></trkpt>
   <trkpt lat="37.526829" lon="-121.553992"><ele>699.25</ele></trkpt>
   <trkpt lat="37.5267" lon="-121.553798"><ele>696.75</ele></trkpt>
   <trkpt lat="37.526519" lon="-121.553615"><ele>695.75</ele></trkpt>
   <trkpt lat="37.526374" lon="-121.553507"><ele>694.5</ele></trkpt>
   <trkpt lat="37.526267" lon="-121.553441"><ele>693.5</ele></trkpt>
   <trkpt lat="37.526141" lon="-121.553371"><ele>691.75</ele></trkpt>
   <trkpt lat="37.526029" lon="-121.553326"><ele>690</ele></trkpt>
   <trkpt lat="37.525955" lon="-121.553288"><ele>690</ele></trkpt>
   <trkpt lat="37.525832" lon="-121.553204"><ele>690</ele></trkpt>
   <trkpt lat="37.525777" lon="-121.553151"><ele>691.25</ele></trkpt>
   <trkpt lat="37.525669" lon="-121.553012"><ele>693.75</ele></trkpt>
   <trkpt lat="37.525543" lon="-121.552805"><ele>695.75</ele></trkpt>
   <trkpt lat="37.525245" lon="-121.552297"><ele>693.5</ele></trkpt>
   <trkpt lat="37.525176" lon="-121.552107"><ele>691.75</ele></trkpt>
   <trkpt lat="37.525157" lon="-121.55203"><ele>691</ele></trkpt>
   <trkpt lat="37.525097" lon="-121.551707"><ele>688</ele></trkpt>
   <trkpt lat="37.525043" lon="-121.551519"><ele>687.25</ele></trkpt>
   <trkpt lat="37.524908" lon="-121.551228"><ele>689</ele></trkpt>
   <trkpt lat="37.524829" lon="-121.551075"><ele>690</ele></trkpt>
   <trkpt lat="37.524753" lon="-121.550945"><ele>690.75</ele></trkpt>
   <trkpt lat="37.52465" lon="-121.550813"><ele>691.5</ele></trkpt>
   <trkpt lat="37.524269" lon="-121.550395"><ele>695.25</ele></trkpt>
   <trkpt lat="37.524155" lon="-121.550283"><ele>695.25</ele></trkpt>
   <trkpt lat="37.523859" lon="-121.550078"><ele>694.75</ele></trkpt>
   <trkpt lat="37.523598" lon="-121.549922"><ele>693.25</ele></trkpt>
   <trkpt lat="37.523397" lon="-121.549812"><ele>692.5</ele></trkpt>
   <trkpt lat="37.523258" lon="-121.549748"><ele>693.25</ele></trkpt>
   <trkpt lat="37.523198" lon="-121.549693"><ele>694.25</ele></trkpt>
   <trkpt lat="37.523157" lon="-121.549642"><ele>695</ele></trkpt>
   <trkpt lat="37.523079" lon="-121.549474"><ele>697</ele></trkpt>
   <trkpt lat="37.522983" lon="-121.549091"><ele>700.25</ele></trkpt>
   <trkpt lat="37.522933" lon="-121.54895"><ele>701.75</ele></trkpt>
   <trkpt lat="37.52278" lon="-121.548698"><ele>702</ele></trkpt>
   <trkpt lat="37.522519" lon="-121.548158"><ele>699</ele></trkpt>
   <trkpt lat="37.522431" lon="-121.548039"><ele>699</ele></trkpt>
   <trkpt lat="37.522341" lon="-121.547953"><ele>699</ele></trkpt>
   <trkpt lat="37.522217" lon="-121.547873"><ele>698.75</ele></trkpt>
   <trkpt lat="37.522064" lon="-121.547792"><ele>698</ele></trkpt>
   <trkpt lat="37.521955" lon="-121.547751"><ele>697.25</ele></trkpt>
   <trkpt lat="37.521857" lon="-121.547698"><ele>696.5</ele></trkpt>
   <trkpt lat="37.521752" lon="-121.547605"><ele>695.75</ele></trkpt>
   <trkpt lat="37.521704" lon="-121.547535"><ele>695.25</ele></trkpt>
   <trkpt lat="37.521653" lon="-121.547411"><ele>695.5</ele></trkpt>
   <trkpt lat="37.521558" lon="-121.547104"><ele>697.25</ele></trkpt>
   <trkpt lat="37.521497" lon="-121.546941"><ele>698</ele></trkpt>
   <trkpt lat="37.521293" lon="-121.546549"><ele>699.5</ele></trkpt>
   <trkpt lat="37.521225" lon="-121.546418"><ele>700.25</ele></trkpt>
   <trkpt lat="37.521158" lon="-121.546324"><ele>700.25</ele></trkpt>
   <trkpt lat="37.52107" lon="-121.546229"><ele>699.75</ele></trkpt>
   <trkpt lat="37.520943" lon="-121.546131"><ele>698.5</ele></trkpt>
   <trkpt lat="37.52088" lon="-121.546082"><ele>697.75</ele></trkpt>
   <trkpt lat="37.52076" lon="-121.545968"><ele>697</ele></trkpt>
   <trkpt lat="37.520611" lon="-121.545843"><ele>697</ele></trkpt>
   <trkpt lat="37.520546" lon="-121.54582"><ele>697</ele></trkpt>
   <trkpt lat="37.520389" lon="-121.54581"><ele>696.5</ele></trkpt>
   <trkpt lat="37.520327" lon="-121.545828"><ele>696</ele></trkpt>
   <trkpt lat="37.520113" lon="-121.545888"><ele>695</ele></trkpt>
   <trkpt lat="37.520005" lon="-121.545919"><ele>694.5</ele></trkpt>
   <trkpt lat="37.519762" lon="-121.546009"><ele>695.75</ele></trkpt>
   <trkpt lat="37.519281" lon="-121.546152"><ele>697.5</ele></trkpt>
   <trkpt lat="37.51897" lon="-121.546184"><ele>698.5</ele></trkpt>
   <trkpt lat="37.518821" lon="-121.546183"><ele>699.25</ele></trkpt>
   <trkpt lat="37.518606" lon="-121.546154"><ele>700.25</ele></trkpt>
   <trkpt lat="37.518543" lon="-121.546128"><ele>700.25</ele></trkpt>
   <trkpt lat="37.518483" lon="-121.546088"><ele>700.25</ele></trkpt>
   <trkpt lat="37.518432" lon="-121.546031"><ele>700.25</ele></trkpt>
   <trkpt lat="37.518399" lon="-121.545979"><ele>700</ele></trkpt>
   <trkpt lat="37.518356" lon="-121.545887"><ele>699.25</ele></trkpt>
   <trkpt lat="37.518211" lon="-121.545392"><ele>703.75</ele></trkpt>
   <trkpt lat="37.518149" lon="-121.545246"><ele>704.5</ele></trkpt>
   <trkpt lat="37.518099" lon="-121.545145"><ele>704.75</ele></trkpt>
   <trkpt lat="37.518025" lon="-121.545039"><ele>704.75</ele></trkpt>
   <trkpt lat="37.517933" lon="-121.544929"><ele>705</ele></trkpt>
   <trkpt lat="37.517798" lon="-121.544788"><ele>705.75</ele></trkpt>
   <trkpt lat="37.517703" lon="-121.544705"><ele>706</ele></trkpt>
   <trkpt lat="37.517623" lon="-121.54465"><ele>705.75</ele></trkpt>
   <trkpt lat="37.517515" lon="-121.544599"><ele>705</ele></trkpt>
   <trkpt lat="37.517404" lon="-121.544566"><ele>705</ele></trkpt>
   <trkpt lat="37.517276" lon="-121.544542"><ele>705.25</ele></trkpt>
   <trkpt lat="37.517187" lon="-121.544509"><ele>705.25</ele></trkpt>
   <trkpt lat="37.517114" lon="-121.544468"><ele>705.5</ele></trkpt>
   <trkpt lat="37.516897" lon="-121.544316"><ele>704.75</ele></trkpt>
   <trkpt lat="37.516447" lon="-121.543982"><ele>702.25</ele></trkpt>
   <trkpt lat="37.516251" lon="-121.543831"><ele>701</ele></trkpt>
   <trkpt lat="37.515928" lon="-121.543564"><ele>698</ele></trkpt>
   <trkpt lat="37.515834" lon="-121.543474"><ele>697</ele></trkpt>
   <trkpt lat="37.515728" lon="-121.543345"><ele>697.75</ele></trkpt>
   <trkpt lat="37.51551" lon="-121.543019"><ele>701.25</ele></trkpt>
   <trkpt lat="37.515421" lon="-121.542911"><ele>702.25</ele></trkpt>
   <trkpt lat="37.515083" lon="-121.542537"><ele>703.25</ele></trkpt>
   <trkpt lat="37.514905" lon="-121.542253"><ele>704.75</ele></trkpt>
   <trkpt lat="37.514813" lon="-121.542107"><ele>705.25</ele></trkpt>
   <trkpt lat="37.514731" lon="-121.542005"><ele>705.25</ele></trkpt>
   <trkpt lat="37.514641" lon="-121.541914"><ele>704.75</ele></trkpt>
   <trkpt lat="37.514524" lon="-121.541811"><ele>703.75</ele></trkpt>
   <trkpt lat="37.514386" lon="-121.541706"><ele>702</ele></trkpt>
   <trkpt lat="37.513876" lon="-121.541346"><ele>700</ele></trkpt>
   <trkpt lat="37.513723" lon="-121.541225"><ele>699.75</ele></trkpt>
   <trkpt lat="37.513624" lon="-121.541128"><ele>699.5</ele></trkpt>
   <trkpt lat="37.513412" lon="-121.540835"><ele>698.75</ele></trkpt>
   <trkpt lat="37.513341" lon="-121.540756"><ele>698.5</ele></trkpt>
   <trkpt lat="37.513183" lon="-121.540628"><ele>699.5</ele></trkpt>
   <trkpt lat="37.513038" lon="-121.540542"><ele>700.5</ele></trkpt>
   <trkpt lat="37.512907" lon="-121.540491"><ele>701.25</ele></trkpt>
   <trkpt lat="37.512781" lon="-121.540461"><ele>701.75</ele></trkpt>
   <trkpt lat="37.512664" lon="-121.540461"><ele>702.25</ele></trkpt>
   <trkpt lat="37.512557" lon="-121.540482"><ele>702.5</ele></trkpt>
   <trkpt lat="37.512356" lon="-121.540564"><ele>702.75</ele></trkpt>
   <trkpt lat="37.512243" lon="-121.540593"><ele>703</ele></trkpt>
   <trkpt lat="37.511969" lon="-121.540608"><ele>703.75</ele></trkpt>
   <trkpt lat="37.511791" lon="-121.540584"><ele>704.5</ele></trkpt>
   <trkpt lat="37.511675" lon="-121.540558"><ele>705.25</ele></trkpt>
   <trkpt lat="37.51145" lon="-121.540478"><ele>707.25</ele></trkpt>
   <trkpt lat="37.511281" lon="-121.540454"><ele>708.75</ele></trkpt>
   <trkpt lat="37.510857" lon="-121.540532"><ele>710.75</ele></trkpt>
   <trkpt lat="37.510607" lon="-121.540597"><ele>709.75</ele></trkpt>
   <trkpt lat="37.510452" lon="-121.540671"><ele>708.5</ele></trkpt>
   <trkpt lat="37.510339" lon="-121.540757"><ele>707</ele></trkpt>
   <trkpt lat="37.510272" lon="-121.540784"><ele>706.25</ele></trkpt>
   <trkpt lat="37.51019" lon="-121.540792"><ele>706</ele></trkpt>
   <trkpt lat="37.510115" lon="-121.54079"><ele>706</ele></trkpt>
   <trkpt lat="37.509942" lon="-121.540745"><ele>706.5</ele></trkpt>
   <trkpt lat="37.50983" lon="-121.540702"><ele>707.25</ele></trkpt>
   <trkpt lat="37.509697" lon="-121.540639"><ele>708</ele></trkpt>
   <trkpt lat="37.509474" lon="-121.540505"><ele>708.5</ele></trkpt>
   <trkpt lat="37.509229" lon="-121.540321"><ele>707.5</ele></trkpt>
   <trkpt lat="37.508781" lon="-121.539907"><ele>706.5</ele></trkpt>
   <trkpt lat="37.508632" lon="-121.539782"><ele>707.75</ele></trkpt>
   <trkpt lat="37.508342" lon="-121.539592"><ele>708.25</ele></trkpt>
   <trkpt lat="37.508045" lon="-121.539384"><ele>711</ele></trkpt>
   <trkpt lat="37.507942" lon="-121.539333"><ele>711.5</ele></trkpt>
   <trkpt lat="37.507849" lon="-121.539306"><ele>711.75</ele></trkpt>
   <trkpt lat="37.507785" lon="-121.539303"><ele>711.75</ele></trkpt>
   <trkpt lat="37.507696" lon="-121.53931"><ele>711.75</ele></trkpt>
   <trkpt lat="37.507499" lon="-121.539384"><ele>711</ele></trkpt>
   <trkpt lat="37.507354" lon="-121.539449"><ele>711.5</ele></trkpt>
   <trkpt lat="37.506976" lon="-121.539664"><ele>712</ele></trkpt>
   <trkpt lat="37.506832" lon="-121.539751"><ele>712</ele></trkpt>
   <trkpt lat="37.506738" lon="-121.53979"><ele>712</ele></trkpt>
   <trkpt lat="37.506663" lon="-121.539809"><ele>712.25</ele></trkpt>
   <trkpt lat="37.506569" lon="-121.539822"><ele>712.5</ele></trkpt>
   <trkpt lat="37.506377" lon="-121.539814"><ele>713.5</ele></trkpt>
   <trkpt lat="37.506306" lon="-121.539801"><ele>714</ele></trkpt>
   <trkpt lat="37.506238" lon="-121.539779"><ele>714.5</ele></trkpt>
   <trkpt lat="37.506159" lon="-121.539742"><ele>715</ele></trkpt>
   <trkpt lat="37.506046" lon="-121.539668"><ele>715.75</ele></trkpt>
   <trkpt lat="37.505675" lon="-121.539429"><ele>716.5</ele></trkpt>
   <trkpt lat="37.505621" lon="-121.539401"><ele>716.25</ele></trkpt>
   <trkpt lat="37.505515" lon="-121.53938"><ele>716.25</ele></trkpt>
   <trkpt lat="37.505466" lon="-121.53938"><ele>716</ele></trkpt>
   <trkpt lat="37.505017" lon="-121.539452"><ele>716.25</ele></trkpt>
   <trkpt lat="37.504738" lon="-121.539432"><ele>716.25</ele></trkpt>
   <trkpt lat="37.504434" lon="-121.539479"><ele>716.5</ele></trkpt>
   <trkpt lat="37.50436" lon="-121.539482"><ele>716.5</ele></trkpt>
   <trkpt lat="37.504294" lon="-121.539468"><ele>716.5</ele></trkpt>
   <trkpt lat="37.504244" lon="-121.539448"><ele>716.5</ele></trkpt>
   <trkpt lat="37.504093" lon="-121.539373"><ele>716.75</ele></trkpt>
   <trkpt lat="37.503999" lon="-121.53935"><ele>716.75</ele></trkpt>
   <trkpt lat="37.503922" lon="-121.539343"><ele>716.75</ele></trkpt>
   <trkpt lat="37.503586" lon="-121.539343"><ele>716.5</ele></trkpt>
   <trkpt lat="37.503388" lon="-121.539385"><ele>715.75</ele></trkpt>
   <trkpt lat="37.503278" lon="-121.539424"><ele>715.75</ele></trkpt>
   <trkpt lat="37.503167" lon="-121.53945"><ele>716</ele></trkpt>
   <trkpt lat="37.503097" lon="-121.539453"><ele>716.5</ele></trkpt>
   <trkpt lat="37.502925" lon="-121.539421"><ele>717.25</ele></trkpt>
   <trkpt lat="37.50286" lon="-121.53937"><ele>717.5</ele></trkpt>
   <trkpt lat="37.502811" lon="-121.539302"><ele>717.5</ele></trkpt>
   <trkpt lat="37.502696" lon="-121.539117"><ele>718</ele></trkpt>
   <trkpt lat="37.502607" lon="-121.539022"><ele>719.25</ele></trkpt>
   <trkpt lat="37.502531" lon="-121.538949"><ele>720</ele></trkpt>
   <trkpt lat="37.502406" lon="-121.538886"><ele>721.5</ele></trkpt>
   <trkpt lat="37.502195" lon="-121.538839"><ele>723.5</ele></trkpt>
   <trkpt lat="37.501932" lon="-121.538819"><ele>725.25</ele></trkpt>
   <trkpt lat="37.501692" lon="-121.538845"><ele>726.5</ele></trkpt>
   <trkpt lat="37.501475" lon="-121.538893"><ele>725.5</ele></trkpt>
   <trkpt lat="37.501316" lon="-121.538914"><ele>725</ele></trkpt>
   <trkpt lat="37.501233" lon="-121.538894"><ele>724.75</ele></trkpt>
   <trkpt lat="37.501135" lon="-121.538849"><ele>724.5</ele></trkpt>
   <trkpt lat="37.501093" lon="-121.538819"><ele>724.25</ele></trkpt>
   <trkpt lat="37.501055" lon="-121.53878"><ele>724</ele></trkpt>
   <trkpt lat="37.501003" lon="-121.538712"><ele>723.75</ele></trkpt>
   <trkpt lat="37.500773" lon="-121.53835"><ele>720.5</ele></trkpt>
   <trkpt lat="37.500618" lon="-121.538136"><ele>721.25</ele></trkpt>
   <trkpt lat="37.500349" lon="-121.537805"><ele>721</ele></trkpt>
   <trkpt lat="37.500265" lon="-121.537717"><ele>720.5</ele></trkpt>
   <trkpt lat="37.500023" lon="-121.537505"><ele>718.25</ele></trkpt>
   <trkpt lat="37.499835" lon="-121.537321"><ele>720.25</ele></trkpt>
   <trkpt lat="37.499679" lon="-121.537183"><ele>721.25</ele></trkpt>
   <trkpt lat="37.499574" lon="-121.537117"><ele>721.25</ele></trkpt>
   <trkpt lat="37.499475" lon="-121.537065"><ele>721</ele></trkpt>
   <trkpt lat="37.49898" lon="-121.536868"><ele>719.25</ele></trkpt>
   <trkpt lat="37.498544" lon="-121.536709"><ele>718.75</ele></trkpt>
   <trkpt lat="37.49816" lon="-121.536582"><ele>720.25</ele></trkpt>
   <trkpt lat="37.497756" lon="-121.536483"><ele>721.75</ele></trkpt>
   <trkpt lat="37.497609" lon="-121.536427"><ele>722.5</ele></trkpt>
   <trkpt lat="37.497507" lon="-121.536372"><ele>723</ele></trkpt>
   <trkpt lat="37.497314" lon="-121.536229"><ele>725.75</ele></trkpt>
   <trkpt lat="37.497027" lon="-121.535916"><ele>729.5</ele></trkpt>
   <trkpt lat="37.496892" lon="-121.53582"><ele>730.75</ele></trkpt>
   <trkpt lat="37.496746" lon="-121.535759"><ele>732.25</ele></trkpt>
   <trkpt lat="37.496637" lon="-121.535733"><ele>732.75</ele></trkpt>
   <trkpt lat="37.496482" lon="-121.535728"><ele>732.25</ele></trkpt>
   <trkpt lat="37.496258" lon="-121.535753"><ele>731</ele></trkpt>
   <trkpt lat="37.495988" lon="-121.535773"><ele>730</ele></trkpt>
   <trkpt lat="37.495818" lon="-121.535763"><ele>729.25</ele></trkpt>
   <trkpt lat="37.495758" lon="-121.535744"><ele>729.5</ele></trkpt>
   <trkpt lat="37.495629" lon="-121.535697"><ele>729.5</ele></trkpt>
   <trkpt lat="37.495165" lon="-121.535496"><ele>728.5</ele></trkpt>
   <trkpt lat="37.494934" lon="-121.535395"><ele>728.25</ele></trkpt>
   <trkpt lat="37.494733" lon="-121.535295"><ele>730.25</ele></trkpt>
   <trkpt lat="37.494547" lon="-121.535167"><ele>731</ele></trkpt>
   <trkpt lat="37.494333" lon="-121.535012"><ele>730.75</ele></trkpt>
   <trkpt lat="37.494109" lon="-121.534849"><ele>732</ele></trkpt>
   <trkpt lat="37.493698" lon="-121.534615"><ele>734</ele></trkpt>
   <trkpt lat="37.493022" lon="-121.534308"><ele>732.5</ele></trkpt>
   <trkpt lat="37.492898" lon="-121.534262"><ele>732</ele></trkpt>
   <trkpt lat="37.492532" lon="-121.534194"><ele>731.75</ele></trkpt>
   <trkpt lat="37.492467" lon="-121.534187"><ele>731.5</ele></trkpt>
   <trkpt lat="37.492392" lon="-121.534196"><ele>731.5</ele></trkpt>
   <trkpt lat="37.492247" lon="-121.53427"><ele>733.5</ele></trkpt>
   <trkpt lat="37.492049" lon="-121.534391"><ele>736.25</ele></trkpt>
   <trkpt lat="37.491948" lon="-121.534443"><ele>737.25</ele></trkpt>
   <trkpt lat="37.491851" lon="-121.534475"><ele>737.5</ele></trkpt>
   <trkpt lat="37.491663" lon="-121.534515"><ele>737.75</ele></trkpt>
   <trkpt lat="37.491561" lon="-121.534527"><ele>738</ele></trkpt>
   <trkpt lat="37.491446" lon="-121.534526"><ele>737.75</ele></trkpt>
   <trkpt lat="37.491335" lon="-121.534506"><ele>737.25</ele></trkpt>
   <trkpt lat="37.491271" lon="-121.534486"><ele>737</ele></trkpt>
   <trkpt lat="37.491199" lon="-121.534442"><ele>736</ele></trkpt>
   <trkpt lat="37.491131" lon="-121.534373"><ele>734.75</ele></trkpt>
   <trkpt lat="37.491067" lon="-121.534273"><ele>733</ele></trkpt>
   <trkpt lat="37.490921" lon="-121.533984"><ele>734.25</ele></trkpt>
   <trkpt lat="37.490878" lon="-121.533916"><ele>735.5</ele></trkpt>
   <trkpt lat="37.490846" lon="-121.533874"><ele>736</ele></trkpt>
   <trkpt lat="37.490795" lon="-121.533834"><ele>737</ele></trkpt>
   <trkpt lat="37.490753" lon="-121.533815"><ele>737.5</ele></trkpt>
   <trkpt lat="37.490706" lon="-121.533813"><ele>738</ele></trkpt>
   <trkpt lat="37.490661" lon="-121.533826"><ele>738.25</ele></trkpt>
   <trkpt lat="37.490627" lon="-121.533848"><ele>738.25</ele></trkpt>
   <trkpt lat="37.490592" lon="-121.533905"><ele>737.5</ele></trkpt>
   <trkpt lat="37.490379" lon="-121.534348"><ele>737</ele></trkpt>
   <trkpt lat="37.490277" lon="-121.534554"><ele>739.25</ele></trkpt>
   <trkpt lat="37.490163" lon="-121.534727"><ele>740.5</ele></trkpt>
   <trkpt lat="37.490045" lon="-121.534867"><ele>741.25</ele></trkpt>
   <trkpt lat="37.489938" lon="-121.534955"><ele>741.75</ele></trkpt>
   <trkpt lat="37.489888" lon="-121.534974"><ele>741.75</ele></trkpt>
   <trkpt lat="37.489829" lon="-121.534983"><ele>741.75</ele></trkpt>
   <trkpt lat="37.489734" lon="-121.534982"><ele>741.5</ele></trkpt>
   <trkpt lat="37.489476" lon="-121.534899"><ele>742.25</ele></trkpt>
   <trkpt lat="37.489403" lon="-121.534895"><ele>742.5</ele></trkpt>
   <trkpt lat="37.489346" lon="-121.534907"><ele>742.5</ele></trkpt>
   <trkpt lat="37.489289" lon="-121.534946"><ele>741.75</ele></trkpt>
   <trkpt lat="37.489134" lon="-121.535106"><ele>741.75</ele></trkpt>
   <trkpt lat="37.489066" lon="-121.535165"><ele>742.25</ele></trkpt>
   <trkpt lat="37.488903" lon="-121.535276"><ele>743.25</ele></trkpt>
   <trkpt lat="37.488837" lon="-121.535305"><ele>743.5</ele></trkpt>
   <trkpt lat="37.488642" lon="-121.535352"><ele>743.75</ele></trkpt>
   <trkpt lat="37.488533" lon="-121.53539"><ele>744</ele></trkpt>
   <trkpt lat="37.48844" lon="-121.535434"><ele>743.75</ele></trkpt>
   <trkpt lat="37.48837" lon="-121.535488"><ele>743.75</ele></trkpt>
   <trkpt lat="37.488262" lon="-121.535606"><ele>744.25</ele></trkpt>
   <trkpt lat="37.488151" lon="-121.535711"><ele>746</ele></trkpt>
   <trkpt lat="37.488034" lon="-121.535777"><ele>748</ele></trkpt>
   <trkpt lat="37.48794" lon="-121.535791"><ele>749.75</ele></trkpt>
   <trkpt lat="37.487898" lon="-121.535785"><ele>750.25</ele></trkpt>
   <trkpt lat="37.487813" lon="-121.535753"><ele>751.5</ele></trkpt>
   <trkpt lat="37.48776" lon="-121.535714"><ele>752</ele></trkpt>
   <trkpt lat="37.487697" lon="-121.535655"><ele>752.25</ele></trkpt>
   <trkpt lat="37.487441" lon="-121.535316"><ele>750.25</ele></trkpt>
   <trkpt lat="37.487363" lon="-121.535236"><ele>750.25</ele></trkpt>
   <trkpt lat="37.487285" lon="-121.53517"><ele>750.25</ele></trkpt>
   <trkpt lat="37.486911" lon="-121.534926"><ele>751.25</ele></trkpt>
   <trkpt lat="37.48665" lon="-121.534746"><ele>752.5</ele></trkpt>
   <trkpt lat="37.486422" lon="-121.534487"><ele>753.5</ele></trkpt>
   <trkpt lat="37.486306" lon="-121.53433"><ele>753</ele></trkpt>
   <trkpt lat="37.486185" lon="-121.534198"><ele>752.75</ele></trkpt>
   <trkpt lat="37.486112" lon="-121.534131"><ele>753.25</ele></trkpt>
   <trkpt lat="37.486048" lon="-121.534088"><ele>754.25</ele></trkpt>
   <trkpt lat="37.485857" lon="-121.534021"><ele>756.25</ele></trkpt>
   <trkpt lat="37.485446" lon="-121.53372"><ele>762.5</ele></trkpt>
   <trkpt lat="37.485367" lon="-121.533649"><ele>763</ele></trkpt>
   <trkpt lat="37.485301" lon="-121.533567"><ele>763</ele></trkpt>
   <trkpt lat="37.485166" lon="-121.533316"><ele>761.25</ele></trkpt>
   <trkpt lat="37.485132" lon="-121.533261"><ele>762</ele></trkpt>
   <trkpt lat="37.485087" lon="-121.533205"><ele>762.5</ele></trkpt>
   <trkpt lat="37.484864" lon="-121.533055"><ele>765</ele></trkpt>
   <trkpt lat="37.484767" lon="-121.532979"><ele>765.75</ele></trkpt>
   <trkpt lat="37.484697" lon="-121.532903"><ele>766.25</ele></trkpt>
   <trkpt lat="37.484627" lon="-121.532853"><ele>766.5</ele></trkpt>
   <trkpt lat="37.484582" lon="-121.532824"><ele>766.75</ele></trkpt>
   <trkpt lat="37.484524" lon="-121.532807"><ele>767</ele></trkpt>
   <trkpt lat="37.48432" lon="-121.53279"><ele>768.25</ele></trkpt>
   <trkpt lat="37.48422" lon="-121.532769"><ele>768.75</ele></trkpt>
   <trkpt lat="37.484079" lon="-121.532708"><ele>768.25</ele></trkpt>
   <trkpt lat="37.483958" lon="-121.532626"><ele>766.75</ele></trkpt>
   <trkpt lat="37.483835" lon="-121.532569"><ele>765.25</ele></trkpt>
   <trkpt lat="37.483768" lon="-121.532559"><ele>765</ele></trkpt>
   <trkpt lat="37.483707" lon="-121.532561"><ele>764.75</ele></trkpt>
   <trkpt lat="37.483561" lon="-121.532596"><ele>765.5</ele></trkpt>
   <trkpt lat="37.483362" lon="-121.532607"><ele>765.5</ele></trkpt>
   <trkpt lat="37.483275" lon="-121.532598"><ele>765.25</ele></trkpt>
   <trkpt lat="37.483159" lon="-121.532569"><ele>764.5</ele></trkpt>
   <trkpt lat="37.483119" lon="-121.532547"><ele>763.75</ele></trkpt>
   <trkpt lat="37.483092" lon="-121.532535"><ele>763.25</ele></trkpt>
   <trkpt lat="37.483002" lon="-121.532473"><ele>762.25</ele></trkpt>
   <trkpt lat="37.482915" lon="-121.53244"><ele>762.5</ele></trkpt>
   <trkpt lat="37.482812" lon="-121.532401"><ele>763</ele></trkpt>
   <trkpt lat="37.482563" lon="-121.532326"><ele>764.25</ele></trkpt>
   <trkpt lat="37.482181" lon="-121.532142"><ele>770</ele></trkpt>
   <trkpt lat="37.481953" lon="-121.532041"><ele>773</ele></trkpt>
   <trkpt lat="37.481837" lon="-121.532002"><ele>774</ele></trkpt>
   <trkpt lat="37.481768" lon="-121.531962"><ele>774.75</ele></trkpt>
   <trkpt lat="37.481618" lon="-121.531835"><ele>775.25</ele></trkpt>
   <trkpt lat="37.481376" lon="-121.531566"><ele>777.5</ele></trkpt>
   <trkpt lat="37.481155" lon="-121.531332"><ele>780.25</ele></trkpt>
   <trkpt lat="37.481063" lon="-121.531194"><ele>780.5</ele></trkpt>
   <trkpt lat="37.48102" lon="-121.531089"><ele>780.5</ele></trkpt>
   <trkpt lat="37.480918" lon="-121.530788"><ele>779.75</ele></trkpt>
   <trkpt lat="37.480844" lon="-121.530613"><ele>780.75</ele></trkpt>
   <trkpt lat="37.48077" lon="-121.530485"><ele>782</ele></trkpt>
   <trkpt lat="37.480692" lon="-121.530388"><ele>782.5</ele></trkpt>
   <trkpt lat="37.480626" lon="-121.530322"><ele>782.75</ele></trkpt>
   <trkpt lat="37.480546" lon="-121.530268"><ele>782.75</ele></trkpt>
   <trkpt lat="37.480466" lon="-121.530223"><ele>782.25</ele></trkpt>
   <trkpt lat="37.480391" lon="-121.530192"><ele>781.75</ele></trkpt>
   <trkpt lat="37.48029" lon="-121.530131"><ele>780.75</ele></trkpt>
   <trkpt lat="37.480199" lon="-121.530035"><ele>779.5</ele></trkpt>
   <trkpt lat="37.480093" lon="-121.529893"><ele>779.75</ele></trkpt>
   <trkpt lat="37.47992" lon="-121.529607"><ele>783</ele></trkpt>
   <trkpt lat="37.479536" lon="-121.529067"><ele>786.75</ele></trkpt>
   <trkpt lat="37.479352" lon="-121.528793"><ele>790.75</ele></trkpt>
   <trkpt lat="37.479271" lon="-121.528726"><ele>791</ele></trkpt>
   <trkpt lat="37.479225" lon="-121.528699"><ele>791</ele></trkpt>
   <trkpt lat="37.479172" lon="-121.528679"><ele>791</ele></trkpt>
   <trkpt lat="37.479109" lon="-121.528672"><ele>791.25</ele></trkpt>
   <trkpt lat="37.478856" lon="-121.52869"><ele>792.25</ele></trkpt>
   <trkpt lat="37.478764" lon="-121.528674"><ele>792.75</ele></trkpt>
   <trkpt lat="37.478677" lon="-121.528621"><ele>793.5</ele></trkpt>
   <trkpt lat="37.478445" lon="-121.528301"><ele>794</ele></trkpt>
   <trkpt lat="37.47838" lon="-121.528218"><ele>795</ele></trkpt>
   <trkpt lat="37.478255" lon="-121.52808"><ele>797</ele></trkpt>
   <trkpt lat="37.478215" lon="-121.528015"><ele>797.75</ele></trkpt>
   <trkpt lat="37.478189" lon="-121.527952"><ele>798.5</ele></trkpt>
   <trkpt lat="37.47813" lon="-121.527728"><ele>800.25</ele></trkpt>
   <trkpt lat="37.478094" lon="-121.527619"><ele>800.75</ele></trkpt>
   <trkpt lat="37.478045" lon="-121.52752"><ele>800.5</ele></trkpt>
   <trkpt lat="37.478001" lon="-121.527449"><ele>800.5</ele></trkpt>
   <trkpt lat="37.477954" lon="-121.52739"><ele>800.25</ele></trkpt>
   <trkpt lat="37.477903" lon="-121.527345"><ele>800</ele></trkpt>
   <trkpt lat="37.477825" lon="-121.52731"><ele>799</ele></trkpt>
   <trkpt lat="37.477773" lon="-121.527304"><ele>798.25</ele></trkpt>
   <trkpt lat="37.477584" lon="-121.527304"><ele>795.25</ele></trkpt>
   <trkpt lat="37.477528" lon="-121.527288"><ele>794.5</ele></trkpt>
   <trkpt lat="37.477454" lon="-121.527244"><ele>795.25</ele></trkpt>
   <trkpt lat="37.477426" lon="-121.527212"><ele>795.75</ele></trkpt>
   <trkpt lat="37.477384" lon="-121.527123"><ele>796.75</ele></trkpt>
   <trkpt lat="37.477353" lon="-121.526996"><ele>797.5</ele></trkpt>
   <trkpt lat="37.477345" lon="-121.526749"><ele>798.5</ele></trkpt>
   <trkpt lat="37.477322" lon="-121.526614"><ele>799.5</ele></trkpt>
   <trkpt lat="37.477297" lon="-121.526544"><ele>800.25</ele></trkpt>
   <trkpt lat="37.477268" lon="-121.526486"><ele>801.25</ele></trkpt>
   <trkpt lat="37.47722" lon="-121.526431"><ele>801.75</ele></trkpt>
   <trkpt lat="37.477101" lon="-121.526332"><ele>803</ele></trkpt>
   <trkpt lat="37.476955" lon="-121.526258"><ele>803.25</ele></trkpt>
   <trkpt lat="37.476813" lon="-121.526222"><ele>803.25</ele></trkpt>
   <trkpt lat="37.476554" lon="-121.526189"><ele>802.75</ele></trkpt>
   <trkpt lat="37.476489" lon="-121.526172"><ele>802.75</ele></trkpt>
   <trkpt lat="37.476373" lon="-121.526126"><ele>802.5</ele></trkpt>
   <trkpt lat="37.476223" lon="-121.526048"><ele>802</ele></trkpt>
   <trkpt lat="37.476128" lon="-121.526022"><ele>801.5</ele></trkpt>
   <trkpt lat="37.476026" lon="-121.526018"><ele>801.25</ele></trkpt>
   <trkpt lat="37.475783" lon="-121.526037"><ele>800.75</ele></trkpt>
   <trkpt lat="37.475645" lon="-121.526024"><ele>801</ele></trkpt>
   <trkpt lat="37.475529" lon="-121.525969"><ele>800.5</ele></trkpt>
   <trkpt lat="37.475469" lon="-121.525922"><ele>799.75</ele></trkpt>
   <trkpt lat="37.475411" lon="-121.525865"><ele>798.75</ele></trkpt>
   <trkpt lat="37.475085" lon="-121.525597"><ele>800.25</ele></trkpt>
   <trkpt lat="37.47492" lon="-121.525498"><ele>801.25</ele></trkpt>
   <trkpt lat="37.474774" lon="-121.525437"><ele>802.5</ele></trkpt>
   <trkpt lat="37.473937" lon="-121.52518"><ele>802.75</ele></trkpt>
   <trkpt lat="37.473559" lon="-121.525077"><ele>800.25</ele></trkpt>
   <trkpt lat="37.473483" lon="-121.525049"><ele>799.5</ele></trkpt>
   <trkpt lat="37.473385" lon="-121.525002"><ele>798.25</ele></trkpt>
   <trkpt lat="37.473307" lon="-121.524951"><ele>799.25</ele></trkpt>
   <trkpt lat="37.473144" lon="-121.524827"><ele>803.5</ele></trkpt>
   <trkpt lat="37.473015" lon="-121.524704"><ele>806</ele></trkpt>
   <trkpt lat="37.472755" lon="-121.524391"><ele>808.5</ele></trkpt>
   <trkpt lat="37.472641" lon="-121.524279"><ele>807.75</ele></trkpt>
   <trkpt lat="37.472537" lon="-121.524205"><ele>806.5</ele></trkpt>
   <trkpt lat="37.472397" lon="-121.524125"><ele>807.25</ele></trkpt>
   <trkpt lat="37.472236" lon="-121.524054"><ele>809.25</ele></trkpt>
   <trkpt lat="37.472068" lon="-121.524024"><ele>810.5</ele></trkpt>
   <trkpt lat="37.471984" lon="-121.524021"><ele>811</ele></trkpt>
   <trkpt lat="37.471632" lon="-121.524024"><ele>813.25</ele></trkpt>
   <trkpt lat="37.471451" lon="-121.524004"><ele>816</ele></trkpt>
   <trkpt lat="37.471306" lon="-121.523966"><ele>817.75</ele></trkpt>
   <trkpt lat="37.47125" lon="-121.523938"><ele>818.25</ele></trkpt>
   <trkpt lat="37.471151" lon="-121.523864"><ele>818.5</ele></trkpt>
   <trkpt lat="37.471058" lon="-121.523754"><ele>817.75</ele></trkpt>
   <trkpt lat="37.47101" lon="-121.523675"><ele>816.5</ele></trkpt>
   <trkpt lat="37.470811" lon="-121.523304"><ele>809.5</ele></trkpt>
   <trkpt lat="37.470706" lon="-121.523127"><ele>812</ele></trkpt>
   <trkpt lat="37.470629" lon="-121.523014"><ele>813.25</ele></trkpt>
   <trkpt lat="37.470477" lon="-121.522818"><ele>813.75</ele></trkpt>
   <trkpt lat="37.47033" lon="-121.522668"><ele>813</ele></trkpt>
   <trkpt lat="37.470179" lon="-121.522541"><ele>811.25</ele></trkpt>
   <trkpt lat="37.47006" lon="-121.522448"><ele>810.5</ele></trkpt>
   <trkpt lat="37.469561" lon="-121.522108"><ele>815.5</ele></trkpt>
   <trkpt lat="37.469511" lon="-121.522067"><ele>816</ele></trkpt>
   <trkpt lat="37.469463" lon="-121.522011"><ele>816.25</ele></trkpt>
   <trkpt lat="37.469396" lon="-121.521884"><ele>816.5</ele></trkpt>
   <trkpt lat="37.469347" lon="-121.521696"><ele>816.5</ele></trkpt>
   <trkpt lat="37.469303" lon="-121.521556"><ele>816.5</ele></trkpt>
   <trkpt lat="37.469226" lon="-121.521365"><ele>816</ele></trkpt>
   <trkpt lat="37.469129" lon="-121.5212"><ele>815.75</ele></trkpt>
   <trkpt lat="37.469015" lon="-121.521032"><ele>816</ele></trkpt>
   <trkpt lat="37.468813" lon="-121.520815"><ele>815.25</ele></trkpt>
   <trkpt lat="37.468679" lon="-121.520698"><ele>815.25</ele></trkpt>
   <trkpt lat="37.468558" lon="-121.520618"><ele>815</ele></trkpt>
   <trkpt lat="37.468434" lon="-121.520573"><ele>814.5</ele></trkpt>
   <trkpt lat="37.468297" lon="-121.520543"><ele>814</ele></trkpt>
   <trkpt lat="37.468055" lon="-121.520505"><ele>813.75</ele></trkpt>
   <trkpt lat="37.467311" lon="-121.520369"><ele>814</ele></trkpt>
   <trkpt lat="37.467172" lon="-121.520328"><ele>815</ele></trkpt>
   <trkpt lat="37.467079" lon="-121.520274"><ele>815</ele></trkpt>
   <trkpt lat="37.466997" lon="-121.520211"><ele>814.5</ele></trkpt>
   <trkpt lat="37.466564" lon="-121.519717"><ele>815.25</ele></trkpt>
   <trkpt lat="37.466381" lon="-121.519545"><ele>817</ele></trkpt>
   <trkpt lat="37.46632" lon="-121.519501"><ele>817.25</ele></trkpt>
   <trkpt lat="37.4662" lon="-121.519441"><ele>817.75</ele></trkpt>
   <trkpt lat="37.466095" lon="-121.519409"><ele>817.5</ele></trkpt>
   <trkpt lat="37.465968" lon="-121.519395"><ele>817.5</ele></trkpt>
   <trkpt lat="37.465833" lon="-121.519412"><ele>817</ele></trkpt>
   <trkpt lat="37.465534" lon="-121.519497"><ele>817.75</ele></trkpt>
   <trkpt lat="37.465345" lon="-121.519535"><ele>818.5</ele></trkpt>
   <trkpt lat="37.465166" lon="-121.519539"><ele>819.25</ele></trkpt>
   <trkpt lat="37.464991" lon="-121.519503"><ele>820</ele></trkpt>
   <trkpt lat="37.464807" lon="-121.519453"><ele>820.75</ele></trkpt>
   <trkpt lat="37.464591" lon="-121.519366"><ele>821.5</ele></trkpt>
   <trkpt lat="37.464211" lon="-121.519137"><ele>822</ele></trkpt>
   <trkpt lat="37.464108" lon="-121.519094"><ele>822.5</ele></trkpt>
   <trkpt lat="37.464016" lon="-121.51907"><ele>822.5</ele></trkpt>
   <trkpt lat="37.463908" lon="-121.519054"><ele>822.25</ele></trkpt>
   <trkpt lat="37.463787" lon="-121.519055"><ele>821.75</ele></trkpt>
   <trkpt lat="37.463607" lon="-121.519038"><ele>821.5</ele></trkpt>
   <trkpt lat="37.463505" lon="-121.51901"><ele>821.25</ele></trkpt>
   <trkpt lat="37.46335" lon="-121.518948"><ele>821.5</ele></trkpt>
   <trkpt lat="37.462288" lon="-121.518465"><ele>826.25</ele></trkpt>
   <trkpt lat="37.462114" lon="-121.518362"><ele>825.5</ele></trkpt>
   <trkpt lat="37.461384" lon="-121.517799"><ele>829</ele></trkpt>
   <trkpt lat="37.461284" lon="-121.517736"><ele>829</ele></trkpt>
   <trkpt lat="37.461161" lon="-121.517675"><ele>828.75</ele></trkpt>
   <trkpt lat="37.460693" lon="-121.517543"><ele>827</ele></trkpt>
   <trkpt lat="37.460526" lon="-121.517494"><ele>826.75</ele></trkpt>
   <trkpt lat="37.460373" lon="-121.517427"><ele>827.5</ele></trkpt>
   <trkpt lat="37.459681" lon="-121.517003"><ele>832.75</ele></trkpt>
   <trkpt lat="37.45938" lon="-121.51679"><ele>833</ele></trkpt>
   <trkpt lat="37.459252" lon="-121.516718"><ele>832.5</ele></trkpt>
   <trkpt lat="37.459115" lon="-121.516656"><ele>832.5</ele></trkpt>
   <trkpt lat="37.458936" lon="-121.516587"><ele>835</ele></trkpt>
   <trkpt lat="37.457844" lon="-121.516258"><ele>844.25</ele></trkpt>
   <trkpt lat="37.457706" lon="-121.516209"><ele>844</ele></trkpt>
   <trkpt lat="37.457537" lon="-121.516128"><ele>843.25</ele></trkpt>
   <trkpt lat="37.457367" lon="-121.516036"><ele>841.75</ele></trkpt>
   <trkpt lat="37.457248" lon="-121.515981"><ele>840.5</ele></trkpt>
   <trkpt lat="37.457126" lon="-121.515935"><ele>839.75</ele></trkpt>
   <trkpt lat="37.457067" lon="-121.515926"><ele>839.5</ele></trkpt>
   <trkpt lat="37.456911" lon="-121.515929"><ele>839</ele></trkpt>
   <trkpt lat="37.456564" lon="-121.51601"><ele>839.5</ele></trkpt>
   <trkpt lat="37.455826" lon="-121.516102"><ele>844</ele></trkpt>
   <trkpt lat="37.455658" lon="-121.516091"><ele>844.75</ele></trkpt>
   <trkpt lat="37.4554" lon="-121.516032"><ele>845.75</ele></trkpt>
   <trkpt lat="37.455239" lon="-121.51602"><ele>846.5</ele></trkpt>
   <trkpt lat="37.455075" lon="-121.516055"><ele>847.25</ele></trkpt>
   <trkpt lat="37.454479" lon="-121.516287"><ele>846.25</ele></trkpt>
   <trkpt lat="37.454153" lon="-121.516376"><ele>845.25</ele></trkpt>
   <trkpt lat="37.453978" lon="-121.516372"><ele>845.5</ele></trkpt>
   <trkpt lat="37.453828" lon="-121.516331"><ele>845.75</ele></trkpt>
   <trkpt lat="37.453409" lon="-121.516157"><ele>845.75</ele></trkpt>
   <trkpt lat="37.453196" lon="-121.516058"><ele>846</ele></trkpt>
   <trkpt lat="37.452818" lon="-121.515814"><ele>845.75</ele></trkpt>
   <trkpt lat="37.452574" lon="-121.515645"><ele>846.75</ele></trkpt>
   <trkpt lat="37.452387" lon="-121.5155"><ele>848.25</ele></trkpt>
   <trkpt lat="37.452104" lon="-121.515264"><ele>850.5</ele></trkpt>
   <trkpt lat="37.451521" lon="-121.514756"><ele>850.75</ele></trkpt>
   <trkpt lat="37.451412" lon="-121.514658"><ele>851</ele></trkpt>
   <trkpt lat="37.451278" lon="-121.514564"><ele>851</ele></trkpt>
   <trkpt lat="37.451155" lon="-121.514495"><ele>850.75</ele></trkpt>
   <trkpt lat="37.451028" lon="-121.514457"><ele>850.75</ele></trkpt>
   <trkpt lat="37.450905" lon="-121.514446"><ele>850.75</ele></trkpt>
   <trkpt lat="37.450213" lon="-121.514432"><ele>848.75</ele></trkpt>
   <trkpt lat="37.449866" lon="-121.514406"><ele>848.25</ele></trkpt>
   <trkpt lat="37.449553" lon="-121.514395"><ele>849.25</ele></trkpt>
   <trkpt lat="37.44944" lon="-121.514403"><ele>849.75</ele></trkpt>
   <trkpt lat="37.449363" lon="-121.514419"><ele>850.25</ele></trkpt>
   <trkpt lat="37.44909" lon="-121.514511"><ele>853.5</ele></trkpt>
   <trkpt lat="37.448843" lon="-121.514579"><ele>856</ele></trkpt>
   <trkpt lat="37.448547" lon="-121.514646"><ele>858.5</ele></trkpt>
   <trkpt lat="37.448253" lon="-121.514702"><ele>861.75</ele></trkpt>
   <trkpt lat="37.448132" lon="-121.514749"><ele>864.75</ele></trkpt>
   <trkpt lat="37.44804" lon="-121.514805"><ele>866.75</ele></trkpt>
   <trkpt lat="37.447978" lon="-121.514852"><ele>867.75</ele></trkpt>
   <trkpt lat="37.447702" lon="-121.515083"><ele>871</ele></trkpt>
   <trkpt lat="37.447457" lon="-121.515265"><ele>873.25</ele></trkpt>
   <trkpt lat="37.447412" lon="-121.515303"><ele>873.75</ele></trkpt>
   <trkpt lat="37.447373" lon="-121.515347"><ele>874.25</ele></trkpt>
   <trkpt lat="37.447336" lon="-121.515399"><ele>874.75</ele></trkpt>
   <trkpt lat="37.447293" lon="-121.515506"><ele>875</ele></trkpt>
   <trkpt lat="37.447274" lon="-121.515571"><ele>875.25</ele></trkpt>
   <trkpt lat="37.447258" lon="-121.515731"><ele>874.75</ele></trkpt>
   <trkpt lat="37.447263" lon="-121.515814"><ele>874.5</ele></trkpt>
   <trkpt lat="37.447295" lon="-121.515957"><ele>875</ele></trkpt>
   <trkpt lat="37.447445" lon="-121.516453"><ele>878</ele></trkpt>
   <trkpt lat="37.447565" lon="-121.516939"><ele>882.5</ele></trkpt>
   <trkpt lat="37.447598" lon="-121.517187"><ele>885</ele></trkpt>
   <trkpt lat="37.447598" lon="-121.517317"><ele>886.5</ele></trkpt>
   <trkpt lat="37.447581" lon="-121.517473"><ele>888.25</ele></trkpt>
   <trkpt lat="37.447494" lon="-121.517845"><ele>889.75</ele></trkpt>
   <trkpt lat="37.447413" lon="-121.518117"><ele>889.25</ele></trkpt>
   <trkpt lat="37.447364" lon="-121.51822"><ele>888.5</ele></trkpt>
   <trkpt lat="37.447325" lon="-121.518279"><ele>888</ele></trkpt>
   <trkpt lat="37.447242" lon="-121.518363"><ele>886.75</ele></trkpt>
   <trkpt lat="37.447194" lon="-121.518395"><ele>886.25</ele></trkpt>
   <trkpt lat="37.447109" lon="-121.518429"><ele>885.25</ele></trkpt>
   <trkpt lat="37.447067" lon="-121.518435"><ele>884.5</ele></trkpt>
   <trkpt lat="37.447019" lon="-121.518432"><ele>883.75</ele></trkpt>
   <trkpt lat="37.44688" lon="-121.518402"><ele>881.25</ele></trkpt>
   <trkpt lat="37.446716" lon="-121.518316"><ele>878</ele></trkpt>
   <trkpt lat="37.446588" lon="-121.51826"><ele>877.25</ele></trkpt>
   <trkpt lat="37.44635" lon="-121.518198"><ele>876</ele></trkpt>
   <trkpt lat="37.446233" lon="-121.518182"><ele>875.25</ele></trkpt>
   <trkpt lat="37.44563" lon="-121.517981"><ele>870.5</ele></trkpt>
   <trkpt lat="37.445409" lon="-121.517868"><ele>868</ele></trkpt>
   <trkpt lat="37.444938" lon="-121.517568"><ele>861.75</ele></trkpt>
   <trkpt lat="37.444638" lon="-121.517364"><ele>857.75</ele></trkpt>
   <trkpt lat="37.444169" lon="-121.516994"><ele>855.5</ele></trkpt>
   <trkpt lat="37.444005" lon="-121.516879"><ele>855.75</ele></trkpt>
   <trkpt lat="37.443854" lon="-121.516785"><ele>856</ele></trkpt>
   <trkpt lat="37.443709" lon="-121.516707"><ele>856.25</ele></trkpt>
   <trkpt lat="37.443605" lon="-121.516677"><ele>855.75</ele></trkpt>
   <trkpt lat="37.443396" lon="-121.516651"><ele>853.75</ele></trkpt>
   <trkpt lat="37.442998" lon="-121.516645"><ele>848.75</ele></trkpt>
   <trkpt lat="37.44287" lon="-121.516621"><ele>847.5</ele></trkpt>
   <trkpt lat="37.442702" lon="-121.516562"><ele>846.25</ele></trkpt>
   <trkpt lat="37.442489" lon="-121.516452"><ele>845.5</ele></trkpt>
   <trkpt lat="37.442225" lon="-121.516294"><ele>842.25</ele></trkpt>
   <trkpt lat="37.441978" lon="-121.516103"><ele>840.25</ele></trkpt>
   <trkpt lat="37.441746" lon="-121.5159"><ele>839.25</ele></trkpt>
   <trkpt lat="37.441544" lon="-121.515712"><ele>838</ele></trkpt>
   <trkpt lat="37.441448" lon="-121.515642"><ele>837.25</ele></trkpt>
   <trkpt lat="37.441329" lon="-121.515591"><ele>835.75</ele></trkpt>
   <trkpt lat="37.44122" lon="-121.515564"><ele>834.25</ele></trkpt>
   <trkpt lat="37.441069" lon="-121.515554"><ele>831.75</ele></trkpt>
   <trkpt lat="37.44089" lon="-121.515559"><ele>828.75</ele></trkpt>
   <trkpt lat="37.44046" lon="-121.51563"><ele>820</ele></trkpt>
   <trkpt lat="37.440395" lon="-121.515632"><ele>818.75</ele></trkpt>
   <trkpt lat="37.440301" lon="-121.515613"><ele>817.25</ele></trkpt>
   <trkpt lat="37.440245" lon="-121.515579"><ele>816.5</ele></trkpt>
   <trkpt lat="37.44019" lon="-121.515527"><ele>815.75</ele></trkpt>
   <trkpt lat="37.440169" lon="-121.515498"><ele>815.5</ele></trkpt>
   <trkpt lat="37.440132" lon="-121.515422"><ele>815.5</ele></trkpt>
   <trkpt lat="37.440114" lon="-121.515361"><ele>815.5</ele></trkpt>
   <trkpt lat="37.440103" lon="-121.515292"><ele>815.75</ele></trkpt>
   <trkpt lat="37.440101" lon="-121.515172"><ele>816.75</ele></trkpt>
   <trkpt lat="37.440107" lon="-121.515105"><ele>817.5</ele></trkpt>
   <trkpt lat="37.440143" lon="-121.514979"><ele>818.75</ele></trkpt>
   <trkpt lat="37.440201" lon="-121.514884"><ele>818.25</ele></trkpt>
   <trkpt lat="37.44024" lon="-121.514853"><ele>818.75</ele></trkpt>
   <trkpt lat="37.440335" lon="-121.514804"><ele>820</ele></trkpt>
   <trkpt lat="37.440552" lon="-121.514713"><ele>823.5</ele></trkpt>
   <trkpt lat="37.440633" lon="-121.514655"><ele>824.5</ele></trkpt>
   <trkpt lat="37.440725" lon="-121.514549"><ele>825</ele></trkpt>
   <trkpt lat="37.440791" lon="-121.514406"><ele>824.25</ele></trkpt>
   <trkpt lat="37.441091" lon="-121.513739"><ele>820.75</ele></trkpt>
   <trkpt lat="37.441173" lon="-121.513579"><ele>820.5</ele></trkpt>
   <trkpt lat="37.44119" lon="-121.513546"><ele>820.25</ele></trkpt>
   <trkpt lat="37.441241" lon="-121.513404"><ele>819.5</ele></trkpt>
   <trkpt lat="37.441257" lon="-121.513319"><ele>819.25</ele></trkpt>
   <trkpt lat="37.441253" lon="-121.513242"><ele>820.25</ele></trkpt>
   <trkpt lat="37.441238" lon="-121.513157"><ele>821.25</ele></trkpt>
   <trkpt lat="37.441181" lon="-121.51303"><ele>822</ele></trkpt>
   <trkpt lat="37.4411" lon="-121.512948"><ele>821.75</ele></trkpt>
   <trkpt lat="37.44096" lon="-121.512882"><ele>820.25</ele></trkpt>
   <trkpt lat="37.44075" lon="-121.512834"><ele>818</ele></trkpt>
   <trkpt lat="37.440629" lon="-121.512824"><ele>817.25</ele></trkpt>
   <trkpt lat="37.440525" lon="-121.512827"><ele>816.25</ele></trkpt>
   <trkpt lat="37.440202" lon="-121.512888"><ele>812.25</ele></trkpt>
   <trkpt lat="37.440033" lon="-121.512932"><ele>809.75</ele></trkpt>
   <trkpt lat="37.439818" lon="-121.512997"><ele>807.25</ele></trkpt>
   <trkpt lat="37.439678" lon="-121.513027"><ele>805.75</ele></trkpt>
   <trkpt lat="37.439491" lon="-121.513044"><ele>804.25</ele></trkpt>
   <trkpt lat="37.439302" lon="-121.513044"><ele>803</ele></trkpt>
   <trkpt lat="37.439188" lon="-121.513034"><ele>802.5</ele></trkpt>
   <trkpt lat="37.439066" lon="-121.513015"><ele>801.75</ele></trkpt>
   <trkpt lat="37.438846" lon="-121.512955"><ele>800.75</ele></trkpt>
   <trkpt lat="37.438649" lon="-121.51287"><ele>800.25</ele></trkpt>
   <trkpt lat="37.43852" lon="-121.512798"><ele>800</ele></trkpt>
   <trkpt lat="37.438318" lon="-121.512699"><ele>799.75</ele></trkpt>
   <trkpt lat="37.437867" lon="-121.512498"><ele>798</ele></trkpt>
   <trkpt lat="37.437788" lon="-121.512472"><ele>797.75</ele></trkpt>
   <trkpt lat="37.437619" lon="-121.512435"><ele>797</ele></trkpt>
   <trkpt lat="37.437482" lon="-121.512419"><ele>796</ele></trkpt>
   <trkpt lat="37.43725" lon="-121.512381"><ele>795.5</ele></trkpt>
   <trkpt lat="37.437142" lon="-121.512353"><ele>795.25</ele></trkpt>
   <trkpt lat="37.43683" lon="-121.512246"><ele>794.5</ele></trkpt>
   <trkpt lat="37.436622" lon="-121.512196"><ele>793.5</ele></trkpt>
   <trkpt lat="37.436481" lon="-121.512187"><ele>793.75</ele></trkpt>
   <trkpt lat="37.4364" lon="-121.512192"><ele>793.75</ele></trkpt>
   <trkpt lat="37.436323" lon="-121.512208"><ele>793.75</ele></trkpt>
   <trkpt lat="37.436204" lon="-121.512254"><ele>793.5</ele></trkpt>
   <trkpt lat="37.436109" lon="-121.512312"><ele>793</ele></trkpt>
   <trkpt lat="37.436059" lon="-121.512351"><ele>792.75</ele></trkpt>
   <trkpt lat="37.435976" lon="-121.512435"><ele>792</ele></trkpt>
   <trkpt lat="37.435762" lon="-121.512627"><ele>794.5</ele></trkpt>
   <trkpt lat="37.435643" lon="-121.512704"><ele>796.75</ele></trkpt>
   <trkpt lat="37.435507" lon="-121.512757"><ele>798.5</ele></trkpt>
   <trkpt lat="37.435375" lon="-121.51277"><ele>799.75</ele></trkpt>
   <trkpt lat="37.435337" lon="-121.51276"><ele>800</ele></trkpt>
   <trkpt lat="37.435276" lon="-121.512725"><ele>800.25</ele></trkpt>
   <trkpt lat="37.43522" lon="-121.512669"><ele>800.5</ele></trkpt>
   <trkpt lat="37.435156" lon="-121.512583"><ele>801</ele></trkpt>
   <trkpt lat="37.434847" lon="-121.512036"><ele>801.25</ele></trkpt>
   <trkpt lat="37.434625" lon="-121.511749"><ele>800.5</ele></trkpt>
   <trkpt lat="37.434253" lon="-121.511306"><ele>803</ele></trkpt>
   <trkpt lat="37.434209" lon="-121.511261"><ele>803.25</ele></trkpt>
   <trkpt lat="37.434052" lon="-121.511147"><ele>804.5</ele></trkpt>
   <trkpt lat="37.433798" lon="-121.511008"><ele>805.25</ele></trkpt>
   <trkpt lat="37.433624" lon="-121.510891"><ele>804.5</ele></trkpt>
   <trkpt lat="37.433415" lon="-121.510711"><ele>805.5</ele></trkpt>
   <trkpt lat="37.433332" lon="-121.510662"><ele>806</ele></trkpt>
   <trkpt lat="37.433279" lon="-121.510636"><ele>806.25</ele></trkpt>
   <trkpt lat="37.433217" lon="-121.510621"><ele>806.25</ele></trkpt>
   <trkpt lat="37.433176" lon="-121.510619"><ele>806.25</ele></trkpt>
   <trkpt lat="37.433071" lon="-121.510647"><ele>805.75</ele></trkpt>
   <trkpt lat="37.432971" lon="-121.510708"><ele>804.75</ele></trkpt>
   <trkpt lat="37.432911" lon="-121.510759"><ele>804</ele></trkpt>
   <trkpt lat="37.432662" lon="-121.511"><ele>806.75</ele></trkpt>
   <trkpt lat="37.432571" lon="-121.511062"><ele>808.5</ele></trkpt>
   <trkpt lat="37.432507" lon="-121.511083"><ele>809</ele></trkpt>
   <trkpt lat="37.432415" lon="-121.511098"><ele>810.5</ele></trkpt>
   <trkpt lat="37.432351" lon="-121.511096"><ele>811.25</ele></trkpt>
   <trkpt lat="37.432283" lon="-121.511083"><ele>811.5</ele></trkpt>
   <trkpt lat="37.432137" lon="-121.511033"><ele>811.75</ele></trkpt>
   <trkpt lat="37.431975" lon="-121.51094"><ele>810.5</ele></trkpt>
   <trkpt lat="37.431871" lon="-121.51085"><ele>808.5</ele></trkpt>
   <trkpt lat="37.431835" lon="-121.510815"><ele>808.25</ele></trkpt>
   <trkpt lat="37.431603" lon="-121.510511"><ele>810.25</ele></trkpt>
   <trkpt lat="37.431474" lon="-121.51039"><ele>811</ele></trkpt>
   <trkpt lat="37.431424" lon="-121.510355"><ele>811</ele></trkpt>
   <trkpt lat="37.431344" lon="-121.510308"><ele>811</ele></trkpt>
   <trkpt lat="37.430761" lon="-121.510073"><ele>807.75</ele></trkpt>
   <trkpt lat="37.430204" lon="-121.509781"><ele>810.75</ele></trkpt>
   <trkpt lat="37.429436" lon="-121.509457"><ele>813.5</ele></trkpt>
   <trkpt lat="37.429244" lon="-121.509359"><ele>813.75</ele></trkpt>
   <trkpt lat="37.429058" lon="-121.509252"><ele>814.25</ele></trkpt>
   <trkpt lat="37.428765" lon="-121.509067"><ele>816</ele></trkpt>
   <trkpt lat="37.428578" lon="-121.508924"><ele>816.25</ele></trkpt>
   <trkpt lat="37.428523" lon="-121.508871"><ele>816</ele></trkpt>
   <trkpt lat="37.428227" lon="-121.508535"><ele>813.25</ele></trkpt>
   <trkpt lat="37.428146" lon="-121.508455"><ele>813</ele></trkpt>
   <trkpt lat="37.428041" lon="-121.508374"><ele>812.75</ele></trkpt>
   <trkpt lat="37.427889" lon="-121.508289"><ele>813.75</ele></trkpt>
   <trkpt lat="37.42775" lon="-121.508236"><ele>814.75</ele></trkpt>
   <trkpt lat="37.427407" lon="-121.508152"><ele>817</ele></trkpt>
   <trkpt lat="37.42724" lon="-121.508095"><ele>819.25</ele></trkpt>
   <trkpt lat="37.427182" lon="-121.508064"><ele>819.75</ele></trkpt>
   <trkpt lat="37.427117" lon="-121.508011"><ele>820.25</ele></trkpt>
   <trkpt lat="37.427068" lon="-121.507956"><ele>820.5</ele></trkpt>
   <trkpt lat="37.427037" lon="-121.507907"><ele>820.25</ele></trkpt>
   <trkpt lat="37.427007" lon="-121.507842"><ele>820</ele></trkpt>
   <trkpt lat="37.426981" lon="-121.50775"><ele>819.25</ele></trkpt>
   <trkpt lat="37.426962" lon="-121.507603"><ele>817.75</ele></trkpt>
   <trkpt lat="37.426949" lon="-121.507067"><ele>818.25</ele></trkpt>
   <trkpt lat="37.426934" lon="-121.506987"><ele>818.5</ele></trkpt>
   <trkpt lat="37.426919" lon="-121.506921"><ele>819</ele></trkpt>
   <trkpt lat="37.426859" lon="-121.506755"><ele>819.5</ele></trkpt>
   <trkpt lat="37.426823" lon="-121.506695"><ele>819.75</ele></trkpt>
   <trkpt lat="37.426785" lon="-121.506646"><ele>819.75</ele></trkpt>
   <trkpt lat="37.426749" lon="-121.506609"><ele>819.75</ele></trkpt>
   <trkpt lat="37.426715" lon="-121.506586"><ele>819.5</ele></trkpt>
   <trkpt lat="37.42668" lon="-121.506572"><ele>819.5</ele></trkpt>
   <trkpt lat="37.426633" lon="-121.506567"><ele>820.25</ele></trkpt>
   <trkpt lat="37.42655" lon="-121.506573"><ele>822.25</ele></trkpt>
   <trkpt lat="37.426245" lon="-121.506669"><ele>830</ele></trkpt>
   <trkpt lat="37.426158" lon="-121.506665"><ele>832</ele></trkpt>
   <trkpt lat="37.426086" lon="-121.506634"><ele>833.5</ele></trkpt>
   <trkpt lat="37.426038" lon="-121.506594"><ele>834.25</ele></trkpt>
   <trkpt lat="37.426004" lon="-121.506552"><ele>834.75</ele></trkpt>
   <trkpt lat="37.425964" lon="-121.50647"><ele>834.75</ele></trkpt>
   <trkpt lat="37.425935" lon="-121.506354"><ele>834.25</ele></trkpt>
   <trkpt lat="37.425903" lon="-121.506067"><ele>832</ele></trkpt>
   <trkpt lat="37.42587" lon="-121.505953"><ele>831.5</ele></trkpt>
   <trkpt lat="37.425817" lon="-121.505847"><ele>831.25</ele></trkpt>
   <trkpt lat="37.425783" lon="-121.505792"><ele>831.25</ele></trkpt>
   <trkpt lat="37.425744" lon="-121.505745"><ele>831.25</ele></trkpt>
   <trkpt lat="37.425651" lon="-121.505666"><ele>832.25</ele></trkpt>
   <trkpt lat="37.425412" lon="-121.505514"><ele>835</ele></trkpt>
   <trkpt lat="37.42529" lon="-121.505405"><ele>836.25</ele></trkpt>
   <trkpt lat="37.425066" lon="-121.505119"><ele>837.75</ele></trkpt>
   <trkpt lat="37.424837" lon="-121.504843"><ele>840</ele></trkpt>
   <trkpt lat="37.424647" lon="-121.504572"><ele>842.75</ele></trkpt>
   <trkpt lat="37.424546" lon="-121.504442"><ele>844.25</ele></trkpt>
   <trkpt lat="37.424476" lon="-121.50437"><ele>845.25</ele></trkpt>
   <trkpt lat="37.424305" lon="-121.504223"><ele>848</ele></trkpt>
   <trkpt lat="37.424211" lon="-121.504168"><ele>849.25</ele></trkpt>
   <trkpt lat="37.424162" lon="-121.504152"><ele>850.25</ele></trkpt>
   <trkpt lat="37.424065" lon="-121.504149"><ele>850.25</ele></trkpt>
   <trkpt lat="37.424029" lon="-121.504162"><ele>850</ele></trkpt>
   <trkpt lat="37.423979" lon="-121.504193"><ele>849.75</ele></trkpt>
   <trkpt lat="37.423934" lon="-121.504247"><ele>849.5</ele></trkpt>
   <trkpt lat="37.423922" lon="-121.504274"><ele>849.25</ele></trkpt>
   <trkpt lat="37.423906" lon="-121.504317"><ele>849</ele></trkpt>
   <trkpt lat="37.423901" lon="-121.504349"><ele>849</ele></trkpt>
   <trkpt lat="37.423899" lon="-121.504445"><ele>848.5</ele></trkpt>
   <trkpt lat="37.423906" lon="-121.504505"><ele>848</ele></trkpt>
   <trkpt lat="37.423927" lon="-121.504598"><ele>847.75</ele></trkpt>
   <trkpt lat="37.423958" lon="-121.504699"><ele>847.25</ele></trkpt>
   <trkpt lat="37.424056" lon="-121.504955"><ele>846</ele></trkpt>
   <trkpt lat="37.424095" lon="-121.505075"><ele>845.75</ele></trkpt>
   <trkpt lat="37.424136" lon="-121.505258"><ele>845.75</ele></trkpt>
   <trkpt lat="37.424144" lon="-121.505334"><ele>845.75</ele></trkpt>
   <trkpt lat="37.424142" lon="-121.505628"><ele>845.75</ele></trkpt>
   <trkpt lat="37.424121" lon="-121.505781"><ele>845.5</ele></trkpt>
   <trkpt lat="37.424076" lon="-121.505932"><ele>845.75</ele></trkpt>
   <trkpt lat="37.424061" lon="-121.505961"><ele>846</ele></trkpt>
   <trkpt lat="37.424009" lon="-121.506052"><ele>846</ele></trkpt>
   <trkpt lat="37.423968" lon="-121.506092"><ele>846</ele></trkpt>
   <trkpt lat="37.423931" lon="-121.506124"><ele>846</ele></trkpt>
   <trkpt lat="37.423824" lon="-121.50617"><ele>845.5</ele></trkpt>
   <trkpt lat="37.423748" lon="-121.506183"><ele>845.25</ele></trkpt>
   <trkpt lat="37.42342" lon="-121.506183"><ele>843.5</ele></trkpt>
   <trkpt lat="37.423218" lon="-121.506142"><ele>842.5</ele></trkpt>
   <trkpt lat="37.423139" lon="-121.506109"><ele>842.25</ele></trkpt>
   <trkpt lat="37.422928" lon="-121.505961"><ele>840</ele></trkpt>
   <trkpt lat="37.422754" lon="-121.505817"><ele>837.5</ele></trkpt>
   <trkpt lat="37.422222" lon="-121.505404"><ele>836.25</ele></trkpt>
   <trkpt lat="37.42207" lon="-121.505279"><ele>835.75</ele></trkpt>
   <trkpt lat="37.421688" lon="-121.504952"><ele>833.5</ele></trkpt>
   <trkpt lat="37.421578" lon="-121.504876"><ele>834.25</ele></trkpt>
   <trkpt lat="37.421409" lon="-121.504806"><ele>834.25</ele></trkpt>
   <trkpt lat="37.421245" lon="-121.504779"><ele>833.75</ele></trkpt>
   <trkpt lat="37.420951" lon="-121.504783"><ele>832.5</ele></trkpt>
   <trkpt lat="37.420722" lon="-121.504798"><ele>832</ele></trkpt>
   <trkpt lat="37.420637" lon="-121.504794"><ele>832</ele></trkpt>
   <trkpt lat="37.420533" lon="-121.504748"><ele>831.5</ele></trkpt>
   <trkpt lat="37.420454" lon="-121.50467"><ele>830.5</ele></trkpt>
   <trkpt lat="37.420281" lon="-121.504479"><ele>827.25</ele></trkpt>
   <trkpt lat="37.42018" lon="-121.504382"><ele>825.25</ele></trkpt>
   <trkpt lat="37.420095" lon="-121.504312"><ele>823.5</ele></trkpt>
   <trkpt lat="37.419947" lon="-121.504206"><ele>821.5</ele></trkpt>
   <trkpt lat="37.419799" lon="-121.504082"><ele>823</ele></trkpt>
   <trkpt lat="37.419752" lon="-121.504029"><ele>823.25</ele></trkpt>
   <trkpt lat="37.419713" lon="-121.503978"><ele>823.5</ele></trkpt>
   <trkpt lat="37.419682" lon="-121.503922"><ele>823.5</ele></trkpt>
   <trkpt lat="37.419613" lon="-121.503757"><ele>822.75</ele></trkpt>
   <trkpt lat="37.419529" lon="-121.503578"><ele>820.75</ele></trkpt>
   <trkpt lat="37.419491" lon="-121.50352"><ele>819.75</ele></trkpt>
   <trkpt lat="37.419395" lon="-121.503407"><ele>817.25</ele></trkpt>
   <trkpt lat="37.419097" lon="-121.503209"><ele>813.75</ele></trkpt>
   <trkpt lat="37.41902" lon="-121.503144"><ele>813.75</ele></trkpt>
   <trkpt lat="37.418941" lon="-121.503062"><ele>813.75</ele></trkpt>
   <trkpt lat="37.418858" lon="-121.502997"><ele>813.5</ele></trkpt>
   <trkpt lat="37.418767" lon="-121.502942"><ele>813</ele></trkpt>
   <trkpt lat="37.418472" lon="-121.502796"><ele>810</ele></trkpt>
   <trkpt lat="37.418308" lon="-121.502708"><ele>808.25</ele></trkpt>
   <trkpt lat="37.418177" lon="-121.502618"><ele>808.5</ele></trkpt>
   <trkpt lat="37.418048" lon="-121.502519"><ele>808</ele></trkpt>
   <trkpt lat="37.417923" lon="-121.50239"><ele>808.5</ele></trkpt>
   <trkpt lat="37.417821" lon="-121.502251"><ele>808.5</ele></trkpt>
   <trkpt lat="37.417761" lon="-121.502157"><ele>808</ele></trkpt>
   <trkpt lat="37.417689" lon="-121.502008"><ele>806.75</ele></trkpt>
   <trkpt lat="37.417646" lon="-121.50186"><ele>805.25</ele></trkpt>
   <trkpt lat="37.417623" lon="-121.501728"><ele>804</ele></trkpt>
   <trkpt lat="37.417583" lon="-121.501563"><ele>803.25</ele></trkpt>
   <trkpt lat="37.417564" lon="-121.501503"><ele>803</ele></trkpt>
   <trkpt lat="37.417512" lon="-121.501394"><ele>802.5</ele></trkpt>
   <trkpt lat="37.417489" lon="-121.501355"><ele>802.5</ele></trkpt>
   <trkpt lat="37.417369" lon="-121.501204"><ele>803.75</ele></trkpt>
   <trkpt lat="37.417144" lon="-121.500966"><ele>803.75</ele></trkpt>
   <trkpt lat="37.416911" lon="-121.500781"><ele>801.75</ele></trkpt>
   <trkpt lat="37.416793" lon="-121.500697"><ele>800</ele></trkpt>
   <trkpt lat="37.416677" lon="-121.500597"><ele>797.5</ele></trkpt>
   <trkpt lat="37.41664" lon="-121.500557"><ele>797.5</ele></trkpt>
   <trkpt lat="37.416609" lon="-121.500506"><ele>797.75</ele></trkpt>
   <trkpt lat="37.416586" lon="-121.500452"><ele>797.5</ele></trkpt>
   <trkpt lat="37.416555" lon="-121.500338"><ele>796.5</ele></trkpt>
   <trkpt lat="37.416543" lon="-121.500256"><ele>795.25</ele></trkpt>
   <trkpt lat="37.416518" lon="-121.499937"><ele>791</ele></trkpt>
   <trkpt lat="37.416481" lon="-121.499747"><ele>789.25</ele></trkpt>
   <trkpt lat="37.41643" lon="-121.499588"><ele>787.75</ele></trkpt>
   <trkpt lat="37.416352" lon="-121.499474"><ele>786.75</ele></trkpt>
   <trkpt lat="37.416308" lon="-121.499431"><ele>786.25</ele></trkpt>
   <trkpt lat="37.416116" lon="-121.499288"><ele>784.5</ele></trkpt>
   <trkpt lat="37.415716" lon="-121.498954"><ele>780</ele></trkpt>
   <trkpt lat="37.415568" lon="-121.498809"><ele>778</ele></trkpt>
   <trkpt lat="37.415367" lon="-121.49863"><ele>775</ele></trkpt>
   <trkpt lat="37.415096" lon="-121.498428"><ele>769.75</ele></trkpt>
   <trkpt lat="37.414969" lon="-121.498322"><ele>767.25</ele></trkpt>
   <trkpt lat="37.414865" lon="-121.498212"><ele>767.5</ele></trkpt>
   <trkpt lat="37.414776" lon="-121.498084"><ele>767.5</ele></trkpt>
   <trkpt lat="37.414671" lon="-121.497872"><ele>767</ele></trkpt>
   <trkpt lat="37.414518" lon="-121.497547"><ele>765</ele></trkpt>
   <trkpt lat="37.414291" lon="-121.49716"><ele>764.75</ele></trkpt>
   <trkpt lat="37.414234" lon="-121.497041"><ele>764.5</ele></trkpt>
   <trkpt lat="37.414168" lon="-121.496857"><ele>763.5</ele></trkpt>
   <trkpt lat="37.414147" lon="-121.496761"><ele>763.25</ele></trkpt>
   <trkpt lat="37.414133" lon="-121.496594"><ele>763</ele></trkpt>
   <trkpt lat="37.414147" lon="-121.496412"><ele>763.25</ele></trkpt>
   <trkpt lat="37.414193" lon="-121.496083"><ele>764</ele></trkpt>
   <trkpt lat="37.4142" lon="-121.495978"><ele>764.25</ele></trkpt>
   <trkpt lat="37.414192" lon="-121.495784"><ele>764</ele></trkpt>
   <trkpt lat="37.41418" lon="-121.495689"><ele>763.5</ele></trkpt>
   <trkpt lat="37.414149" lon="-121.495591"><ele>763</ele></trkpt>
   <trkpt lat="37.414101" lon="-121.49549"><ele>762.75</ele></trkpt>
   <trkpt lat="37.414036" lon="-121.495385"><ele>762.5</ele></trkpt>
   <trkpt lat="37.413967" lon="-121.495298"><ele>762</ele></trkpt>
   <trkpt lat="37.413897" lon="-121.495233"><ele>761.5</ele></trkpt>
   <trkpt lat="37.41384" lon="-121.495189"><ele>761.25</ele></trkpt>
   <trkpt lat="37.413655" lon="-121.49509"><ele>760.25</ele></trkpt>
   <trkpt lat="37.413581" lon="-121.495043"><ele>759.75</ele></trkpt>
   <trkpt lat="37.413477" lon="-121.494934"><ele>758.5</ele></trkpt>
   <trkpt lat="37.413308" lon="-121.494648"><ele>753.5</ele></trkpt>
   <trkpt lat="37.413201" lon="-121.494421"><ele>750.75</ele></trkpt>
   <trkpt lat="37.413102" lon="-121.49425"><ele>749.25</ele></trkpt>
   <trkpt lat="37.41304" lon="-121.494162"><ele>749</ele></trkpt>
   <trkpt lat="37.412965" lon="-121.494074"><ele>750</ele></trkpt>
   <trkpt lat="37.412725" lon="-121.493836"><ele>750</ele></trkpt>
   <trkpt lat="37.412631" lon="-121.493723"><ele>749</ele></trkpt>
   <trkpt lat="37.412544" lon="-121.493525"><ele>746</ele></trkpt>
   <trkpt lat="37.412483" lon="-121.493339"><ele>742.75</ele></trkpt>
   <trkpt lat="37.412452" lon="-121.493265"><ele>742.5</ele></trkpt>
   <trkpt lat="37.412411" lon="-121.493205"><ele>741.75</ele></trkpt>
   <trkpt lat="37.412367" lon="-121.493166"><ele>741.25</ele></trkpt>
   <trkpt lat="37.412317" lon="-121.493136"><ele>740.75</ele></trkpt>
   <trkpt lat="37.412252" lon="-121.493121"><ele>740</ele></trkpt>
   <trkpt lat="37.411985" lon="-121.493121"><ele>737.75</ele></trkpt>
   <trkpt lat="37.411911" lon="-121.493107"><ele>737</ele></trkpt>
   <trkpt lat="37.411838" lon="-121.49308"><ele>736</ele></trkpt>
   <trkpt lat="37.411682" lon="-121.492996"><ele>733.25</ele></trkpt>
   <trkpt lat="37.411494" lon="-121.492882"><ele>730</ele></trkpt>
   <trkpt lat="37.411335" lon="-121.492799"><ele>728</ele></trkpt>
   <trkpt lat="37.411232" lon="-121.492757"><ele>727</ele></trkpt>
   <trkpt lat="37.411134" lon="-121.492728"><ele>726.25</ele></trkpt>
   <trkpt lat="37.411047" lon="-121.49271"><ele>725.75</ele></trkpt>
   <trkpt lat="37.410967" lon="-121.492715"><ele>725.25</ele></trkpt>
   <trkpt lat="37.410855" lon="-121.492735"><ele>724.75</ele></trkpt>
   <trkpt lat="37.410731" lon="-121.492776"><ele>724.5</ele></trkpt>
   <trkpt lat="37.410527" lon="-121.49281"><ele>724.25</ele></trkpt>
   <trkpt lat="37.41038" lon="-121.492804"><ele>724</ele></trkpt>
   <trkpt lat="37.410321" lon="-121.492791"><ele>723.75</ele></trkpt>
   <trkpt lat="37.409998" lon="-121.492716"><ele>721.25</ele></trkpt>
   <trkpt lat="37.40992" lon="-121.492689"><ele>720.75</ele></trkpt>
   <trkpt lat="37.409789" lon="-121.492625"><ele>719.5</ele></trkpt>
   <trkpt lat="37.409254" lon="-121.492222"><ele>715.5</ele></trkpt>
   <trkpt lat="37.40912" lon="-121.492111"><ele>715.5</ele></trkpt>
   <trkpt lat="37.40904" lon="-121.492027"><ele>716.25</ele></trkpt>
   <trkpt lat="37.408857" lon="-121.491775"><ele>716.5</ele></trkpt>
   <trkpt lat="37.40871" lon="-121.491587"><ele>717</ele></trkpt>
   <trkpt lat="37.408665" lon="-121.491538"><ele>717.5</ele></trkpt>
   <trkpt lat="37.408545" lon="-121.491433"><ele>717.75</ele></trkpt>
   <trkpt lat="37.408324" lon="-121.491296"><ele>716.75</ele></trkpt>
   <trkpt lat="37.408094" lon="-121.49119"><ele>716.25</ele></trkpt>
   <trkpt lat="37.407991" lon="-121.491131"><ele>715.75</ele></trkpt>
   <trkpt lat="37.40789" lon="-121.491058"><ele>715</ele></trkpt>
   <trkpt lat="37.407851" lon="-121.491019"><ele>714.5</ele></trkpt>
   <trkpt lat="37.40781" lon="-121.490964"><ele>714</ele></trkpt>
   <trkpt lat="37.407777" lon="-121.490909"><ele>713.25</ele></trkpt>
   <trkpt lat="37.40766" lon="-121.490669"><ele>712</ele></trkpt>
   <trkpt lat="37.407604" lon="-121.490579"><ele>711.5</ele></trkpt>
   <trkpt lat="37.407553" lon="-121.490518"><ele>711</ele></trkpt>
   <trkpt lat="37.407485" lon="-121.49046"><ele>710.25</ele></trkpt>
   <trkpt lat="37.407216" lon="-121.490265"><ele>709.25</ele></trkpt>
   <trkpt lat="37.40709" lon="-121.490162"><ele>708.25</ele></trkpt>
   <trkpt lat="37.406702" lon="-121.489849"><ele>705.25</ele></trkpt>
   <trkpt lat="37.406607" lon="-121.489748"><ele>705.75</ele></trkpt>
   <trkpt lat="37.40656" lon="-121.489687"><ele>706.25</ele></trkpt>
   <trkpt lat="37.406517" lon="-121.489606"><ele>706.5</ele></trkpt>
   <trkpt lat="37.406371" lon="-121.489298"><ele>707.5</ele></trkpt>
   <trkpt lat="37.406274" lon="-121.489137"><ele>708</ele></trkpt>
   <trkpt lat="37.406205" lon="-121.489047"><ele>708.75</ele></trkpt>
   <trkpt lat="37.406049" lon="-121.488873"><ele>709</ele></trkpt>
   <trkpt lat="37.40593" lon="-121.488767"><ele>708.5</ele></trkpt>
   <trkpt lat="37.405485" lon="-121.488486"><ele>706.25</ele></trkpt>
   <trkpt lat="37.405293" lon="-121.48834"><ele>704.75</ele></trkpt>
   <trkpt lat="37.405107" lon="-121.488183"><ele>703.25</ele></trkpt>
   <trkpt lat="37.404833" lon="-121.487993"><ele>701.25</ele></trkpt>
   <trkpt lat="37.404654" lon="-121.487852"><ele>699.75</ele></trkpt>
   <trkpt lat="37.404477" lon="-121.487697"><ele>698.25</ele></trkpt>
   <trkpt lat="37.404406" lon="-121.487625"><ele>697.5</ele></trkpt>
   <trkpt lat="37.404307" lon="-121.487477"><ele>696.25</ele></trkpt>
   <trkpt lat="37.404276" lon="-121.487399"><ele>696</ele></trkpt>
   <trkpt lat="37.404225" lon="-121.48713"><ele>695.5</ele></trkpt>
   <trkpt lat="37.404202" lon="-121.487054"><ele>695</ele></trkpt>
   <trkpt lat="37.404149" lon="-121.486919"><ele>694.5</ele></trkpt>
   <trkpt lat="37.404122" lon="-121.486879"><ele>694.25</ele></trkpt>
   <trkpt lat="37.404037" lon="-121.486797"><ele>693.5</ele></trkpt>
   <trkpt lat="37.403994" lon="-121.486775"><ele>693.5</ele></trkpt>
   <trkpt lat="37.403925" lon="-121.486762"><ele>693</ele></trkpt>
   <trkpt lat="37.403876" lon="-121.486765"><ele>692.75</ele></trkpt>
   <trkpt lat="37.403791" lon="-121.4868"><ele>692.5</ele></trkpt>
   <trkpt lat="37.403608" lon="-121.486938"><ele>691.5</ele></trkpt>
   <trkpt lat="37.403471" lon="-121.48706"><ele>690.25</ele></trkpt>
   <trkpt lat="37.403369" lon="-121.487126"><ele>689.5</ele></trkpt>
   <trkpt lat="37.402869" lon="-121.487341"><ele>687.75</ele></trkpt>
   <trkpt lat="37.402726" lon="-121.487433"><ele>687</ele></trkpt>
   <trkpt lat="37.402647" lon="-121.487483"><ele>686.25</ele></trkpt>
   <trkpt lat="37.402491" lon="-121.487617"><ele>685.5</ele></trkpt>
   <trkpt lat="37.402427" lon="-121.487695"><ele>685.75</ele></trkpt>
   <trkpt lat="37.402073" lon="-121.488237"><ele>685.5</ele></trkpt>
   <trkpt lat="37.401989" lon="-121.488351"><ele>685.25</ele></trkpt>
   <trkpt lat="37.401961" lon="-121.488393"><ele>685.5</ele></trkpt>
   <trkpt lat="37.401757" lon="-121.488666"><ele>685</ele></trkpt>
   <trkpt lat="37.401618" lon="-121.488873"><ele>684.75</ele></trkpt>
   <trkpt lat="37.401574" lon="-121.488963"><ele>685.25</ele></trkpt>
   <trkpt lat="37.401311" lon="-121.48971"><ele>689.75</ele></trkpt>
   <trkpt lat="37.401248" lon="-121.48994"><ele>691</ele></trkpt>
   <trkpt lat="37.401218" lon="-121.490105"><ele>691.25</ele></trkpt>
   <trkpt lat="37.401202" lon="-121.490249"><ele>691.25</ele></trkpt>
   <trkpt lat="37.401171" lon="-121.490886"><ele>689.5</ele></trkpt>
   <trkpt lat="37.401155" lon="-121.491028"><ele>688.25</ele></trkpt>
   <trkpt lat="37.401129" lon="-121.491169"><ele>687.25</ele></trkpt>
   <trkpt lat="37.401101" lon="-121.49128"><ele>686.25</ele></trkpt>
   <trkpt lat="37.401046" lon="-121.491416"><ele>685</ele></trkpt>
   <trkpt lat="37.401009" lon="-121.491475"><ele>684.5</ele></trkpt>
   <trkpt lat="37.400962" lon="-121.491534"><ele>683.75</ele></trkpt>
   <trkpt lat="37.400828" lon="-121.491663"><ele>682</ele></trkpt>
   <trkpt lat="37.400556" lon="-121.491871"><ele>683.75</ele></trkpt>
   <trkpt lat="37.400493" lon="-121.491911"><ele>684.25</ele></trkpt>
   <trkpt lat="37.400378" lon="-121.491968"><ele>685</ele></trkpt>
   <trkpt lat="37.400254" lon="-121.491992"><ele>686</ele></trkpt>
   <trkpt lat="37.400185" lon="-121.491998"><ele>686.5</ele></trkpt>
   <trkpt lat="37.400055" lon="-121.491988"><ele>688</ele></trkpt>
   <trkpt lat="37.399954" lon="-121.491957"><ele>689</ele></trkpt>
   <trkpt lat="37.399848" lon="-121.491902"><ele>689.75</ele></trkpt>
   <trkpt lat="37.39976" lon="-121.491841"><ele>690.25</ele></trkpt>
   <trkpt lat="37.399624" lon="-121.491725"><ele>691</ele></trkpt>
   <trkpt lat="37.399453" lon="-121.491599"><ele>691.5</ele></trkpt>
   <trkpt lat="37.399335" lon="-121.491528"><ele>691.5</ele></trkpt>
   <trkpt lat="37.3992" lon="-121.49146"><ele>691.25</ele></trkpt>
   <trkpt lat="37.39908" lon="-121.491406"><ele>690.5</ele></trkpt>
   <trkpt lat="37.398899" lon="-121.491349"><ele>689.25</ele></trkpt>
   <trkpt lat="37.398582" lon="-121.49128"><ele>686.5</ele></trkpt>
   <trkpt lat="37.397935" lon="-121.491151"><ele>683</ele></trkpt>
   <trkpt lat="37.397499" lon="-121.491056"><ele>680.75</ele></trkpt>
   <trkpt lat="37.397146" lon="-121.490997"><ele>679.25</ele></trkpt>
   <trkpt lat="37.396785" lon="-121.490921"><ele>677</ele></trkpt>
   <trkpt lat="37.396597" lon="-121.490873"><ele>676</ele></trkpt>
   <trkpt lat="37.396314" lon="-121.490797"><ele>675.75</ele></trkpt>
   <trkpt lat="37.396094" lon="-121.490723"><ele>675.5</ele></trkpt>
   <trkpt lat="37.39548" lon="-121.490541"><ele>672.5</ele></trkpt>
   <trkpt lat="37.395178" lon="-121.490463"><ele>670.5</ele></trkpt>
   <trkpt lat="37.394989" lon="-121.490421"><ele>669.25</ele></trkpt>
   <trkpt lat="37.394421" lon="-121.49035"><ele>666.25</ele></trkpt>
   <trkpt lat="37.393762" lon="-121.490247"><ele>665.25</ele></trkpt>
   <trkpt lat="37.39349" lon="-121.490219"><ele>665.75</ele></trkpt>
   <trkpt lat="37.39328" lon="-121.490219"><ele>665.75</ele></trkpt>
   <trkpt lat="37.392769" lon="-121.490243"><ele>664.25</ele></trkpt>
   <trkpt lat="37.392032" lon="-121.490335"><ele>662.5</ele></trkpt>
   <trkpt lat="37.391754" lon="-121.490387"><ele>662</ele></trkpt>
   <trkpt lat="37.391739" lon="-121.490303"><ele>662.75</ele></trkpt>
   <trkpt lat="37.3917" lon="-121.490112"><ele>665.5</ele></trkpt>
  </trkseg>
 </trk>
</gpx>